Fecha,Muestra,Condición,Tratamiento,Repetición,%MS,KgMS/ha,REG. DE LAB.,% N,% FDA ,% FDN ,KgN/ha,INN,Origen del dato
2025-06-12,1,Riego,General,R1,38.3,4347,261317,1.056254096661484,27.55402873636556,56.12625115996776,45.9153655818747,0.3521663481321398,Medido
2025-06-12,2,Riego,General,R2,34,2810,261318,1.161464413126703,25.02829752367079,46.26741010588113,32.63715000886035,0.33678341213607665,Medido
2025-06-12,3,Riego,General,R3,38.3,4712,261319,1.201517882876105,25.27295884923526,46.67870950833421,56.61552264112207,0.4110689671796758,Medido
2025-06-12,4,Riego,General,R4,34.4,3254,261320,1.117015243158299,26.08022760378733,47.1703333682776,36.347676012371046,0.33946224406198716,Medido
2025-06-12,5,Secano,General,R1,34.7,3696,261321,1.362960041459786,23.93099235251275,44.69204738442185,50.37500313235369,0.4314357352033806,Medido
2025-06-12,6,Secano,General,R2,33.3,5012,261322,1.110674211344601,26.94586576879683,54.00853735397182,55.666991472591405,0.38756896279412,Medido
2025-06-12,7,Secano,General,R3,31.1,3642,261323,1.353908434057208,26.35502731245447,47.92727120243212,49.30934516836352,0.42655676841449347,Medido
2025-06-12,8,Secano,General,R4,35.8,2682,261324,1.364149863751107,26.58994391063623,54.31064886975585,36.58649934580468,0.389697530888049,Medido
2025-09-16,9,Secano,M0,R1,29.5,5214,261325,1.051618518147015,28.23544352578158,56.03301225553062,54.83138953618536,0.37163081372065027,Medido
2025-09-16,10,Secano,M1,R1,17.5,7444,261326,2.405675256198071,29.97526584122359,51.11100115316071,179.0784660713844,0.9527386868093128,Medido
2025-09-16,11,Secano,M2,R1,19,8481,261327,1.794890763495328,31.91856518572469,54.49011950938254,152.22468565203877,0.7411393043687369,Medido
2025-09-16,12,Secano,M3,R1,10.8,3764,261328,1.85192016985138,32.13048798252003,53.61935213334731,69.70627519320595,0.5896426659475383,Medido
2025-09-16,13,Secano,M4,R1,34.1,7200,261329,2.031646575388268,28.43270939548434,49.09964252018032,146.2785534279553,0.7960737836284237,Medido
2025-09-16,14,Secano,M5,R1,24.2,3445,261330,1.947404570607018,32.56981245447924,54.11714959639374,67.08808745741177,0.6027198572420078,Medido
2025-09-16,15,Secano,M3,R2,19.7,7136,261331,2.047163891535851,30.84303495561869,61.21009225202022,146.08561529999835,0.7998654254172408,Medido
2025-09-16,16,Secano,M2,R2,22.1,11512,261332,1.804620706488122,29.67630917698471,51.0004444910368,207.74793573091262,0.821699360053842,Medido
2025-09-16,17,Secano,M4,R2,23.4,5900,261333,1.666812444622766,30.73995630007283,52.20555194464828,98.34193423274318,0.6127991308346953,Medido
2025-09-16,18,Secano,M0,R2,29.4,3607,261334,1.051174749653109,27.58569009468318,48.28363140790439,37.91587321998764,0.33015695336397316,Medido
2025-09-16,19,Secano,M1,R2,21.1,9619,261335,2.486501616597289,32.80936088856519,55.32531292588322,239.1765905004932,1.068929553403967,Medido
2025-09-16,20,Secano,M5,R2,22.9,4311,261336,2.00185031011251,30.31055353241078,52.5333106195618,86.29976686895031,0.665664397339255,Medido
2025-09-16,21,Secano,M3,R3,19.8,6343,261337,2.312556684554558,31.9890750182083,53.93146975573959,146.6854705012956,0.8701326341377011,Medido
2025-09-16,22,Secano,M4,R3,18.5,5041,261338,2.569192222946654,31.26679533867443,53.38913932278017,129.51297995874083,0.898174466163284,Medido
2025-09-16,23,Secano,M0,R3,28.9,4422,261339,1.226879930454553,26.34516387472688,46.86250235873781,54.25263052470033,0.41130010568827097,Medido
2025-09-16,24,Secano,M1,R3,18.2,8871,261340,2.112009014159854,32.3198543335761,55.18341125904183,187.35631964612068,0.8847198174438071,Medido
2025-09-16,25,Secano,M5,R3,24.8,4171,261341,1.760480172860558,29.00568491771242,58.1857270744406,73.42962801001387,0.5792509592118317,Medido
2025-09-16,26,Secano,M2,R3,38.9,15308,261342,2.24730807629938,29.46752367079388,50.39613062165846,344.0179203199091,1.120973330638437,Medido
2025-09-16,27,Secano,M1,R4,19,7037,,,,,,,Estimado por modelo
2025-09-16,28,Secano,M0,R4,28.1,4798,261343,1.200149228480198,29.01329686457403,57.36571241985477,57.5831599824799,0.4129840613365919,Medido
2025-09-16,29,Secano,M5,R4,23.1,3343,261344,1.830118849156594,31.6028932993445,53.50414089527204,61.180873127304935,0.5609984962777324,Medido
2025-09-16,30,Secano,M4,R4,19.8,5066,261345,2.293777274019091,31.87163146394756,53.25141419436,116.20275670180715,0.8031614729998079,Medido
2025-09-16,31,Secano,M3,R4,19.9,7124,261346,2.181144035976395,31.24372906045157,53.481123807527,155.38470112295838,0.8517551341579283,Medido
2025-09-16,32,Secano,M2,R4,19.2,7344,261347,2.371948496246886,31.63783685360524,53.22848935947164,174.1958975643713,0.9353248459865249,Medido
2025-09-16,33,Riego,M0,R1,27.1,5179,261348,1.052281913168497,27.08489439184268,47.27336303595765,54.49768028299646,0.3710646305473825,Medido
2025-09-16,34,Riego,M1,R1,19.7,8234,261349,2.524765844158015,33.66440416937859,63.96210391643476,207.88921960797094,1.0327027772463695,Medido
2025-09-16,35,Riego,M2,R1,23.1,7915,261350,1.982872748549744,31.02532592862345,53.19411783205788,156.94437804771223,0.8008623937453607,Medido
2025-09-16,36,Riego,M3,R1,19.5,6181,261351,1.97238957487002,31.04825382374363,52.62403711080827,121.91339962271594,0.7360210902386516,Medido
2025-09-16,37,Riego,M4,R1,20.9,6688,261352,1.777484715047562,30.80823743627094,52.0929405598071,118.87817774238093,0.6802357333916786,Medido
2025-09-16,38,Riego,M5,R1,22.9,4354,261353,2.008206977949412,31.30142206846322,52.60134290806164,87.4373318199174,0.6699023947892655,Medido
2025-09-16,39,Riego,M3,R2,23.9,5283,261354,1.616375090693281,29.86423160961399,51.4773257154838,85.39309604132605,0.5736179157259669,Medido
2025-09-16,40,Riego,M2,R2,20.5,7926,261355,2.579342006453015,32.26057720320466,53.41212286403186,204.43864743146597,1.0422334208328108,Medido
2025-09-16,41,Riego,M4,R2,21.2,6064,261356,2.01670650149623,29.61023488710852,50.00401404759409,122.29308225073139,0.7479703846858707,Medido
2025-09-16,42,Riego,M0,R2,29.5,4637,261357,1.375054624939398,31.60753104559947,59.94441512648573,63.761282958439885,0.46803096223794916,Medido
2025-09-16,43,Riego,M1,R2,19.8,7838,261358,1.85391237942391,31.22067734887109,52.88562323094663,145.30965229924607,0.7464378443362771,Medido
2025-09-16,44,Riego,M5,R2,23.8,5240,261359,1.579427841583496,30.80823743627094,52.30708145507915,82.76201889897519,0.5590421631897046,Medido
2025-09-16,45,Riego,M3,R3,20.7,6046,261360,2.09881806175502,30.6831554989075,51.41055142048432,126.8945400137085,0.7776843534154354,Medido
2025-09-16,46,Riego,M4,R3,22.1,6172,261361,2.303153284183426,29.68733430444282,50.51648600482231,142.15062069980107,0.859048925935585,Medido
2025-09-16,47,Riego,M0,R3,22.8,4799,261362,1.582914101342428,28.25295884923525,48.62124331690952,75.96404772342312,0.5447338340116757,Medido
2025-09-16,48,Riego,M1,R3,18.7,7712,261363,2.47166725178461,32.34359067734887,54.26840968654995,190.61497845762912,0.9900159984601359,Medido
2025-09-16,49,Riego,M5,R3,23.7,8180,261364,2.057938500760653,31.20710229608481,61.38834988438413,168.3393693622214,0.839986317671186,Medido
2025-09-16,50,Riego,M2,R3,20.3,8112,261365,2.081325990939031,31.77793882010197,52.88562323094663,168.8371643849742,0.8472660638561502,Medido
2025-09-16,51,Riego,M1,R4,16.6,6397,261366,2.615081946603808,31.55635287691187,53.26287975678792,167.2867921242456,0.9866349540592847,Medido
2025-09-16,52,Riego,M0,R4,27.8,4064,261367,1.283714181587174,25.16914785142025,44.84870950833421,52.17014433970275,0.41888256611443186,Medido
2025-09-16,53,Riego,M5,R4,21,5637,261368,1.98474136951034,32.50007273287702,62.25280423997313,111.87987099929786,0.7191145166785599,Medido
2025-09-16,54,Riego,M4,R4,22.3,7506,261369,1.666812444622766,29.57724690458849,50.81297934794003,125.1109420933848,0.661875394249523,Medido
2025-09-16,55,Riego,M3,R4,25.1,7528,261370,1.512814430680242,28.75248361252731,49.17444176538421,113.88467034160861,0.6012871137520663,Medido
2025-09-16,56,Riego,M2,R4,17.6,9258,261371,2.800841514953943,32.53030419979438,59.93103225095806,259.30190745443605,1.1894133100711415,Medido
2025-10-20,57,Secano,M0,R1,34,5948,261372,0.967179684705017,33.14717589220685,48.70598175909425,57.52784764625441,0.3565041875553296,Medido
2025-10-20,58,Secano,M1,R1,31.3,15329,261373,1.190613145092532,37.48590736825608,66.28379998135482,182.5090890112342,0.5941469328136009,Medido
2025-10-20,59,Secano,M2,R1,27.2,12704,261374,2.035930574920173,35.79756190823015,51.7228105671454,258.64462023785876,0.9567152185109689,Medido
2025-10-20,60,Secano,M3,R1,27.6,11328,261375,1.410708447431332,38.54336489439184,54.11714959639374,159.8050529250213,0.6390356199446807,Medido
2025-10-20,61,Secano,M4,R1,29.6,9835,261376,1.60927931524483,37.82547159504734,53.8041262186812,158.27262065432902,0.6967516218914348,Medido
2025-10-20,62,Secano,M5,R1,40.7,10132,261377,1.618153314275206,35.5021048798252,51.04464199601635,163.9512938023639,0.7072954880640479,Medido
2025-10-20,63,Secano,M3,R2,30.1,15365,261378,1.756398963505358,38.36633102694829,54.66568822727749,269.8707007425983,0.877146945646436,Medido
2025-10-20,64,Secano,M2,R2,30.1,16562,261379,1.316104186100941,37.06763362728995,66.07737759773407,217.97317530203784,0.6732325769136255,Medido
2025-10-20,65,Secano,M4,R2,32.5,13374,261380,1.752587445040708,38.62528040786599,54.71258622497117,234.3910448997443,0.837224793252462,Medido
2025-10-20,66,Secano,M0,R2,31.8,7668,261381,1.099149552802715,34.55204115076475,43.47495649439145,84.28278770891218,0.43945440642365247,Medido
2025-10-20,67,Secano,M1,R2,30.2,13220,261382,1.364474634301285,39.06437727603787,48.78252332529616,180.38354665462987,0.6494089875436656,Medido
2025-10-20,68,Secano,M5,R2,28.9,9307,261383,1.618153314275206,37.73142024763292,46.9768749344795,150.60152895959342,0.688331331371877,Medido
2025-10-20,69,Secano,M3,R3,28.4,11039,261384,1.64503209455506,38.08165331391115,54.04745675647342,181.59509291793307,0.7390446079527201,Medido
2025-10-20,70,Secano,M4,R3,28.1,13530,261385,1.75068425364027,36.38120174799709,52.29579201174128,236.86757951752855,0.8394249685438054,Medido
2025-10-20,71,Secano,M0,R3,31.3,4942,261386,1.087544198137653,34.16764981915462,62.55237946893578,53.74643427196281,0.3777935644368206,Medido
2025-10-20,72,Secano,M1,R3,29.7,10325,261387,1.489537034622265,38.66628732702112,54.71258622497117,153.79469882474885,0.6550204929917988,Medido
2025-10-20,73,Secano,M5,R3,29.8,8352,261388,1.905238744838424,34.04014365125765,62.07360622324101,159.12553996890517,0.7828546269517185,Medido
2025-10-20,74,Secano,M2,R3,32.3,9892,261389,1.509468545731147,35.91369992716679,50.96731837718838,149.31662854372507,0.6547473430152142,Medido
2025-10-20,75,Secano,M1,R4,26.1,11541,261390,1.632440730895899,39.20235979606701,55.62191110179265,188.3999847526957,0.7438991903625168,Medido
2025-10-20,76,Secano,M0,R4,32.9,7862,261391,1.032614888744003,32.77333576110706,47.88550581821993,81.18418255305352,0.4161670748058829,Medido
2025-10-20,77,Secano,M5,R4,27,11374,261392,1.957785031011251,38.28483066278223,54.10552888143411,222.67846942721968,0.8880061997836372,Medido
2025-10-20,78,Secano,M4,R4,26.7,10903,261393,1.792949910560543,37.90622906045157,53.4926313030716,195.48532874841604,0.8023089619548147,Medido
2025-10-20,79,Secano,M3,R4,31.1,15689,261394,1.337473882006787,37.83892206846323,53.25141419436,209.8362773480448,0.6724106086809646,Medido
2025-10-20,80,Secano,M2,R4,29.6,12304,261395,1.519526743233529,37.62415149308084,53.58476674703847,186.96257048745343,0.7067762278524621,Medido
2025-10-20,81,Riego,M0,R1,30.7,5476,261396,0.9716180382834312,33.77000531757088,62.19562340949675,53.20580377640069,0.34878888145460585,Medido
2025-10-20,82,Riego,M1,R1,24.6,13473,261397,1.58588939097581,37.70686203585146,66.1421167240756,213.6668776461709,0.7593818897911638,Medido
2025-10-20,83,Riego,M2,R1,24.7,11052,261398,1.51784609726332,37.96014020393299,53.75788237760771,167.75235066954212,0.6821620911821856,Medido
2025-10-20,84,Riego,M3,R1,26.6,10771,261399,1.536427356771486,35.51491077931536,44.61994863193206,165.48859059785676,0.6848456826765436,Medido
2025-10-20,85,Riego,M4,R1,23.6,10406,261400,1.64503209455506,39.67422432629279,48.42067407485062,171.18203975939954,0.7252102955200804,Medido
2025-10-20,86,Riego,M5,R1,23.4,9271,261401,2.048823658826087,37.53048252002913,46.86350770521018,189.94644140976652,0.8704500390052089,Medido
2025-10-20,87,Riego,M3,R2,26.8,11042,261402,1.121844478994266,36.12089584850692,45.38284516196667,123.87406737054687,0.50404196418406,Medido
2025-10-20,88,Riego,M2,R2,24.9,11584,261403,1.51784609726332,38.4888273852877,47.93497117098229,175.827291906983,0.692502326142054,Medido
2025-10-20,89,Riego,M4,R2,23.7,10510,261404,1.812435474865005,38.00061179898033,53.74632665897893,190.48696840831204,0.8015565840673988,Medido
2025-10-20,90,Riego,M0,R2,30.1,5916,261405,1.032166108296972,34.25619360701776,62.65758293020191,61.062946966848855,0.37980210744040066,Medido
2025-10-20,91,Riego,M1,R2,20.9,13197,261406,1.632440730895899,38.40713037144938,47.73564943914457,215.43320325633178,0.7765121478086398,Medido
2025-10-20,92,Riego,M5,R2,22.6,9548,261407,2.324349452496782,37.33036416605973,46.31065730160394,221.92888572439273,0.9968553780209809,Medido
2025-10-20,93,Riego,M3,R3,27.1,14850,261408,1.36750895564806,38.02761107064822,47.41206520599644,203.0750799137369,0.6755249701569871,Medido
2025-10-20,94,Riego,M4,R3,25.2,14497,261409,1.820277633448685,36.76123270211217,46.46361358632981,263.8856485210558,0.8922887138486303,Medido
2025-10-20,95,Riego,M0,R3,28.7,5555,261410,1.114610896567865,34.35201201747997,43.25517978823776,61.9166353043449,0.40195825051154477,Medido
2025-10-20,96,Riego,M1,R3,21.3,11564,261411,1.556919939147734,38.53041545645426,67.6702790940207,180.04222176304395,0.7099367037289538,Medido
2025-10-20,97,Riego,M5,R3,21.9,9359,261412,1.873928628985071,37.51711580480699,46.75039417129678,175.3809803867128,0.7985557330504178,Medido
2025-10-20,98,Riego,M2,R3,27.1,12420,261413,1.255630660180216,37.0515750182083,46.55561379599538,155.94932799438283,0.5857868053504389,Medido
2025-10-20,99,Riego,M1,R4,22.6,15748,261414,1.501133791397095,39.56281864530226,48.80388405493238,236.39854946921454,0.755597119920911,Medido
2025-10-20,100,Riego,M0,R4,29.5,6677,261415,1.023506799806075,34.74298984042825,62.98881822636826,68.33954902305162,0.39148536857729654,Medido
2025-10-20,101,Riego,M5,R4,23.5,12688,261416,1.90427398231272,37.91970138383103,47.82997064681832,241.6142828758379,0.8944869539695444,Medido
2025-10-20,102,Riego,M4,R4,23.4,10197,261417,1.828147182239163,39.28532410779316,49.24362721459272,186.41616817292746,0.800720770612242,Medido
2025-10-20,103,Riego,M3,R4,27.9,9785,261418,1.299451995252186,36.9061835396941,46.02640109026103,127.1513777354264,0.561692297618667,Medido
2025-10-20,104,Riego,M2,R4,29.3,14094,261419,1.385858682314392,36.13387654770576,45.39283467868749,195.32292268539038,0.6732380836500443,Medido
2025-11-12,105,Secano,M0,R1,28.5,10222.5,261420,0.8470333985321898,33.83137108521486,43.59966872837824,86.58798916495311,0.3712936960407743,Medido
2025-11-12,106,Secano,M1,R1,22.2,13121.36842105263,261421,1.165268656067673,37.74484522942463,47.17328860467554,152.89919345768803,0.5532713081391178,Medido
2025-11-12,107,Secano,M2,R1,21.1,13048.68421052632,261422,1.172923362923584,38.83064275309541,48.75049795576056,153.05106565938405,0.5559167378476787,Medido
2025-11-12,108,Secano,M3,R1,26.8,14020.63157894737,261423,0.9607939706772322,36.39700675993844,66.26152919777242,134.70938286139435,0.4659664588428668,Medido
2025-11-12,109,Secano,M4,R1,24.5,9090.78947368421,261424,1.273807058194159,36.34206300072833,46.12773246671559,115.7991179613611,0.5377927283981724,Medido
2025-11-12,110,Secano,M5,R1,25.8,10028.05263157895,261425,1.31839505826103,34.67926597027112,63.93316791493987,132.20935033455206,0.574372505516387,Medido
2025-11-12,111,Secano,M3,R2,22.4,12573.47368421053,261426,1.117015243158299,37.07805717407138,47.15257783834785,140.44761764712896,0.5231708656620817,Medido
2025-11-12,112,Secano,M2,R2,23.4,15419.36842105263,261427,1.235017389705268,35.73316824471959,45.8647069923472,190.4318813827226,0.6174661335966588,Medido
2025-11-12,113,Secano,M4,R2,22.6,12751.15789473684,261428,1.42963336844041,36.39425528040787,46.83263339972744,182.29480812568153,0.6726038028487251,Medido
2025-11-12,114,Secano,M0,R2,28.5,5595,261429,1.019646677098484,36.16324275771051,66.61445371289658,57.04923158366018,0.3685568606528888,Medido
2025-11-12,115,Secano,M1,R2,26.9,17003.63157894737,261430,1.000198489409365,36.88247152464457,65.11591265148525,170.07006619736535,0.5159626879599278,Medido
2025-11-12,116,Secano,M5,R2,23.9,10622.92105263158,261431,1.381248140160824,37.37032228696285,46.90470279903554,146.72889947022634,0.6129549182877844,Medido
2025-11-12,117,Secano,M3,R3,21.3,13945.89473684211,261432,1.147647337713359,37.57060451565913,47.78802914351609,160.04968966767592,0.5556355937940328,Medido
2025-11-12,118,Secano,M4,R3,24.5,14700,261433,1.163998863199425,34.52698652585579,43.92751441450886,171.10783289031545,0.5731296358805189,Medido
2025-11-12,119,Secano,M0,R3,30.2,10395.15789473684,261434,0.8054011401441062,33.26851602330663,43.25517978823776,83.72272020399058,0.3549416399825746,Medido
2025-11-12,120,Secano,M1,R3,22.8,15048,261435,1.045664610395038,38.58430626365623,48.53747772303176,157.3516105722453,0.5187336041444395,Medido
2025-11-12,121,Secano,M5,R3,25.6,10469.05263157895,261436,1.087453078556263,35.65601602330663,45.25317224027676,113.84603513778077,0.48032993372623306,Medido
2025-11-12,122,Secano,M2,R3,26.3,10990.63157894737,261437,1.071365611782604,34.55204115076475,43.80187545864347,117.74984725456157,0.4806442078510598,Medido
2025-11-12,123,Secano,M1,R4,20.9,13304.5,261438,1.365990939030711,34.40193190094684,44.91570290386834,181.73826448334097,0.6514575470723761,Medido
2025-11-12,124,Secano,M0,R4,27.3,12378.39473684211,261439,0.8685367504221208,37.98190064680661,67.69552443895091,107.51090740179129,0.4047618265212641,Medido
2025-11-12,125,Secano,M5,R4,26.2,13541.26315789474,261440,1.107438942106759,34.70267479970867,44.92559387776497,149.9612214636818,0.5311405887685158,Medido
2025-11-12,126,Secano,M4,R4,21.8,12288.31578947369,261441,1.509468545731147,36.19883466860889,45.96570290386833,185.48826164221944,0.7018113484459102,Medido
2025-11-12,127,Secano,M3,R4,24.5,14732.23684210527,261442,1.167813377467944,36.84024217042972,46.77094139846944,172.04503264236635,0.5754110397753537,Medido
2025-11-12,128,Secano,M2,R4,29.1,15530.21052631579,261443,1.244588983065015,36.26388383102694,46.30047698920221,193.2872892573296,0.6236794935039909,Medido
2025-11-12,129,Riego,M0,R1,30.1,12032.07894736842,261444,0.8862120935520004,34.21503277494537,43.14095397840445,106.62973873730316,0.40926579579864997,Medido
2025-11-12,130,Riego,M1,R1,21.1,14547.89473684211,261445,1.013502516007155,37.18413146394756,46.6682891288395,147.44327918396726,0.49737006358199287,Medido
2025-11-12,131,Riego,M2,R1,17.9,12200.26315789474,261446,1.254244458933079,39.81380917698471,49.80641996016355,153.02112463314867,0.5818072076919899,Medido
2025-11-12,132,Riego,M3,R1,21.9,11583.94736842105,261447,0.9769417255964026,37.97362709395485,47.4641199287137,113.16841531323166,0.44571938820290635,Medido
2025-11-12,133,Riego,M4,R1,20.2,13762.57894736842,261448,1.389736003142919,38.22524889078577,68.0413290521053,191.26351459254667,0.6700003271566454,Medido
2025-11-12,134,Riego,M5,R1,20.3,10043.15789473684,261449,1.431221572462678,40.00983976693372,50.11181046231261,143.7398423459622,0.6238269448452051,Medido
2025-11-12,135,Riego,M3,R2,24.5,12133.94736842105,261450,0.9182988648711905,36.73492534595776,46.35139951776916,111.4259009482782,0.4252295964600385,Medido
2025-11-12,136,Riego,M2,R2,22.4,13899.78947368421,261451,1.210789895849006,38.21701383831028,47.90344899884684,168.29724649165215,0.5855853213523547,Medido
2025-11-12,137,Riego,M4,R2,23.7,13658.68421052632,261452,1.179349362221442,34.98019847050255,44.49237446273194,161.08360512468295,0.5671945846190038,Medido
2025-11-12,138,Riego,M0,R2,24.3,14957.28947368421,261453,0.8710956952037048,36.43343772760379,46.3208397106615,130.29230472442,0.43129811273914487,Medido
2025-11-12,139,Riego,M1,R2,19,11905,261454,1.213454449404016,38.05462490895849,48.44189223189014,144.4617522015481,0.5584903185286356,Medido
2025-11-12,140,Riego,M5,R2,20.2,10865.47368421053,261455,1.095622635705569,37.83892206846323,47.48495649439145,119.0445891608424,0.48972844667404153,Medido
2025-11-12,141,Riego,M3,R3,26.6,14910,261456,1.008291957135931,36.4988146394756,45.70354963832686,150.33633080896732,0.49872129367397766,Medido
2025-11-12,142,Riego,M4,R3,22.4,11606.73684210526,261457,1.275217225872244,36.82706482155863,46.4942614529825,148.0111075721864,0.582170476489908,Medido
2025-11-12,143,Riego,M0,R3,30,11431.57894736842,261458,0.8536237390708327,34.06610342316097,43.50370479085858,97.58267164536045,0.3878102086812904,Medido
2025-11-12,144,Riego,M1,R3,20.3,15150.21052631579,261459,1.206805904675928,36.52499089584851,46.08717475626376,182.83363520241295,0.5999708670685546,Medido
2025-11-12,145,Riego,M5,R3,23.9,11534.8947368421,261460,1.120957293077219,37.37037099810458,64.94270360318878,129.3012438014118,0.5107309691464766,Medido
2025-11-12,146,Riego,M2,R3,26.3,13918.23684210526,261461,1.092111125599746,36.2118372177713,45.88488940140476,152.0026130399543,0.5284118461064584,Medido
2025-11-12,147,Riego,M1,R4,22.1,18313.92105263158,261462,0.9878776936322451,38.39352694828843,48.06124855854912,180.91914090836704,0.5218575485554579,Medido
2025-11-12,148,Riego,M0,R4,28.1,7683.131578947369,261463,0.889597382951335,36.76574915504624,65.21562973682741,68.34893745502337,0.35589714647198345,Medido
2025-11-12,149,Riego,M5,R4,23.6,13669.36842105263,261464,1.431221572462678,36.15984887108522,45.78406122235035,195.6389496615062,0.6885018949596896,Medido
2025-11-12,150,Riego,M4,R4,18.2,12692.10526315789,261465,1.402895818914355,39.75793153678078,49.74119299716952,178.0570140690508,0.6590448283780065,Medido
2025-11-12,151,Riego,M3,R4,24.7,13234,261466,1.07707261815203,37.22396941005098,46.85321417339345,142.53979028623965,0.5127963313787424,Medido
2025-11-12,152,Riego,M2,R4,25,14822.36842105263,261467,1.040626524232242,34.0844188331661,61.49799903910774,154.2454973088974,0.5137446202635164,Medido
