LA FAVORITA,,,,,,,,,,,,
Festuca ,RIZAR,,,,,,,,,,,
,,,,,,,,Distancia entre hileras,,38,,
,,,,,,,,,,,,
Fecha,Muestra,Condición,Tratamiento,Repetición,Macollos/30 cm,Peso verde (1m),Peso verde (muestra),Banjeda,Peso Seco,%MS,KgMS/ha,Macollos/m2
2025-06-12,1,Riego,General,R1,265,431.3,642,72,539,38.3,4347,2324.5614035087724
2025-06-12,2,Riego,General,R2,265,314.1,685,56,547,34,2810,2324.5614035087724
2025-06-12,3,Riego,General,R3,278,467.5,738,81,598,38.3,4712,2438.5964912280706
2025-06-12,4,Riego,General,R4,274,359.4,696,28,561,34.4,3254,2403.508771929825
2025-06-12,,Riego,General,R5,233,,,,,,,2043.8596491228075
2025-06-12,5,Secano,General,R1,252,404.7,680,11,569,34.7,3696,2210.5263157894738
2025-06-12,6,Secano,General,R2,300,571.9,736,42,591,33.3,5012,2631.5789473684213
2025-06-12,7,Secano,General,R3,305,445,680,25,558,31.1,3642,2675.4385964912285
2025-06-12,8,Secano,General,R4,263,284.7,709,45,587,35.8,2682,2307.0175438596493
2025-06-12,,Secano,General,R5,320,,,,,,,2807.0175438596493
2025-09-16,9,Secano,M0,R1,,671,74.5,97,22,29.5,5214,
2025-09-16,10,Secano,M1,R1,,1620,126,31,22,17.5,7444,
2025-09-16,11,Secano,M2,R1,,1699,131.8,56,25,19,8481,
2025-09-16,12,Secano,M3,R1,,1328,130,29,14,10.8,3764,
2025-09-16,13,Secano,M4,R1,,803,108.6,24,37,34.1,7200,
2025-09-16,14,Secano,M5,R1,,540,66,92,16,24.2,3445,
2025-09-16,15,Secano,M3,R2,,1378,137.2,9,27,19.7,7136,
2025-09-16,16,Secano,M2,R2,,1980,86,65,19,22.1,11512,
2025-09-16,17,Secano,M4,R2,,959,77,55,18,23.4,5900,
2025-09-16,18,Secano,M0,R2,,466,85,76,25,29.4,3607,
2025-09-16,19,Secano,M1,R2,,1735,110.6,42,23.3,21.1,9619,
2025-09-16,20,Secano,M5,R2,,716,104.9,8,24,22.9,4311,
2025-09-16,21,Secano,M3,R3,,1220,106.3,133,21,19.8,6343,
2025-09-16,22,Secano,M4,R3,,1038,146.3,117,27,18.5,5041,
2025-09-16,23,Secano,M0,R3,,581,65.7,51,19,28.9,4422,
2025-09-16,24,Secano,M1,R3,,1854,137.5,66,25,18.2,8871,
2025-09-16,25,Secano,M5,R3,,640,105.4,45,26.1,24.8,4171,
2025-09-16,26,Secano,M2,R3,,1495,179.9,27,70,38.9,15308,
2025-09-16,27,Secano,M1,R4,,1408,136.9,107,26,19,7037,
2025-09-16,28,Secano,M0,R4,,649,113.9,78,32,28.1,4798,
2025-09-16,29,Secano,M5,R4,,551,117.1,43,27,23.1,3343,
2025-09-16,30,Secano,M4,R4,,971,196.7,83,39,19.8,5066,
2025-09-16,31,Secano,M3,R4,,1360,170.8,87,34,19.9,7124,
2025-09-16,32,Secano,M2,R4,,1450,119.5,18,23,19.2,7344,
2025-09-16,33,Riego,M0,R1,,725,70,17,19,27.1,5179,
2025-09-16,34,Riego,M1,R1,,1591,101.7,94,20,19.7,8234,
2025-09-16,35,Riego,M2,R1,,1300,77.8,10,18,23.1,7915,
2025-09-16,36,Riego,M3,R1,,1202,148.4,111,29,19.5,6181,
2025-09-16,37,Riego,M4,R1,,1214,162.4,61,34,20.9,6688,
2025-09-16,38,Riego,M5,R1,,724,109.4,67,25,22.9,4354,
2025-09-16,39,Riego,M3,R2,,839,79.4,68,19,23.9,5283,
2025-09-16,40,Riego,M2,R2,,1472,117.3,93,24,20.5,7926,
2025-09-16,41,Riego,M4,R2,,1085,108.3,33,23,21.2,6064,
2025-09-16,42,Riego,M0,R2,,597,84.7,34,25,29.5,4637,
2025-09-16,43,Riego,M1,R2,,1502,105.9,23,21,19.8,7838,
2025-09-16,44,Riego,M5,R2,,835,121.6,54,29,23.8,5240,
2025-09-16,45,Riego,M3,R3,,1110,195.2,85,40.4,20.7,6046,
2025-09-16,46,Riego,M4,R3,,1063,126.9,82,28,22.1,6172,
2025-09-16,47,Riego,M0,R3,,799,96.4,48,22,22.8,4799,
2025-09-16,48,Riego,M1,R3,,1566,122.9,58,23,18.7,7712,
2025-09-16,49,Riego,M5,R3,,1313,105.6,21,25,23.7,8180,
2025-09-16,50,Riego,M2,R3,,1519,142.9,91,29,20.3,8112,
2025-09-16,51,Riego,M1,R4,,1466,174.9,50,29,16.6,6397,
2025-09-16,52,Riego,M0,R4,,556,82.8,73,23,27.8,4064,
2025-09-16,53,Riego,M5,R4,,1018,109.3,52,23,21,5637,
2025-09-16,54,Riego,M4,R4,,1281,103.3,2,23,22.3,7506,
2025-09-16,55,Riego,M3,R4,,1138,127.3,99,32,25.1,7528,
2025-09-16,56,Riego,M2,R4,,1995,136.1,37,24,17.6,9258,
2025-10-20,57,Secano,M0,R1,,664,329,39,112,34,5948,
2025-10-20,58,Secano,M1,R1,,1864,448,57,140,31.3,15329,
2025-10-20,59,Secano,M2,R1,,1773,404,76,110,27.2,12704,
2025-10-20,60,Secano,M3,R1,,1562,479,17,132,27.6,11328,
2025-10-20,61,Secano,M4,R1,,1263,392,106,116,29.6,9835,
2025-10-20,62,Secano,M5,R1,,946,258,25,105,40.7,10132,
2025-10-20,63,Secano,M3,R2,,1941,369,1,111,30.1,15365,
2025-10-20,64,Secano,M2,R2,,2090,445,126,134,30.1,16562,
2025-10-20,65,Secano,M4,R2,,1565,388,27,126,32.5,13374,
2025-10-20,66,Secano,M0,R2,,917,214,33,68,31.8,7668,
2025-10-20,67,Secano,M1,R2,,1662,354,93,107,30.2,13220,
2025-10-20,68,Secano,M5,R2,,1223,453,65,131,28.9,9307,
2025-10-20,69,Secano,M3,R3,,1475,327,10,93,28.4,11039,
2025-10-20,70,Secano,M4,R3,,1827,398,95,112,28.1,13530,
2025-10-20,71,Secano,M0,R3,,601,288,42,90,31.3,4942,
2025-10-20,72,Secano,M1,R3,,1319,353,26,105,29.7,10325,
2025-10-20,73,Secano,M5,R3,,1065,302,6,90,29.8,8352,
2025-10-20,74,Secano,M2,R3,,1165,375,88,121,32.3,9892,
2025-10-20,75,Secano,M1,R4,,1682,326,22,85,26.1,11541,
2025-10-20,76,Secano,M0,R4,,909,286,2,94,32.9,7862,
2025-10-20,77,Secano,M5,R4,,1602,278,47,75,27,11374,
2025-10-20,78,Secano,M4,R4,,1549,415,85,111,26.7,10903,
2025-10-20,79,Secano,M3,R4,,1919,412,61,128,31.1,15689,
2025-10-20,80,Secano,M2,R4,,1578,351,70,104,29.6,12304,
2025-10-20,81,Riego,M0,R1,,677,257,59,79,30.7,5476,
2025-10-20,82,Riego,M1,R1,,2084,346,43,85,24.6,13473,
2025-10-20,83,Riego,M2,R1,,1698,376,68,93,24.7,11052,
2025-10-20,84,Riego,M3,R1,,1536,349,84,93,26.6,10771,
2025-10-20,85,Riego,M4,R1,,1673,385,44,91,23.6,10406,
2025-10-20,86,Riego,M5,R1,,1507,385,15,90,23.4,9271,
2025-10-20,87,Riego,M3,R2,,1564,328,107,88,26.8,11042,
2025-10-20,88,Riego,M2,R2,,1766,337,40,84,24.9,11584,
2025-10-20,89,Riego,M4,R2,,1685,308,105,73,23.7,10510,
2025-10-20,90,Riego,M0,R2,,746,219,117,66,30.1,5916,
2025-10-20,91,Riego,M1,R2,,2400,469,31,98,20.9,13197,
2025-10-20,92,Riego,M5,R2,,1605,376,98,85,22.6,9548,
2025-10-20,93,Riego,M3,R3,,2079,280,9,76,27.1,14850,
2025-10-20,94,Riego,M4,R3,,2186,250,36,63,25.2,14497,
2025-10-20,95,Riego,M0,R3,,735,289,34,83,28.7,5555,
2025-10-20,96,Riego,M1,R3,,2067,381,56,81,21.3,11564,
2025-10-20,97,Riego,M5,R3,,1627,366,28,80,21.9,9359,
2025-10-20,98,Riego,M2,R3,,1743,373,37,101,27.1,12420,
2025-10-20,99,Riego,M1,R4,,2651,412,86,93,22.6,15748,
2025-10-20,100,Riego,M0,R4,,861,302,71,89,29.5,6677,
2025-10-20,101,Riego,M5,R4,,2052,349,67,82,23.5,12688,
2025-10-20,102,Riego,M4,R4,,1654,461,63,108,23.4,10197,
2025-10-20,103,Riego,M3,R4,,1335,377,132,105,27.9,9785,
2025-10-20,104,Riego,M2,R4,,1827,365,20,107,29.3,14094,
2025-11-12,105,Secano,M0,R1,,1363,308,87,82,28.5,10222.5,
2025-11-12,106,Secano,M1,R1,,2246,630,91,135,22.2,13121.368421052632,
2025-11-12,107,Secano,M2,R1,,2350,430,17,87,21.1,13048.684210526319,
2025-11-12,108,Secano,M3,R1,,1988,358,60,91,26.8,14020.63157894737,
2025-11-12,109,Secano,M4,R1,,1410,296,62,68,24.5,9090.78947368421,
2025-11-12,110,Secano,M5,R1,,1477,595,67,145,25.8,10028.052631578948,
2025-11-12,111,Secano,M3,R2,,2133,489,65,105,22.4,12573.473684210527,
2025-11-12,112,Secano,M2,R2,,2504,552,4,124,23.4,15419.368421052632,
2025-11-12,113,Secano,M4,R2,,2144,430,20,92,22.6,12751.157894736843,
2025-11-12,114,Secano,M0,R2,,746,283,90,74,28.5,5595,
2025-11-12,115,Secano,M1,R2,,2402,580,39,149,26.9,17003.631578947367,
2025-11-12,116,Secano,M5,R2,,1689,499,106,113,23.9,10622.92105263158,
2025-11-12,117,Secano,M3,R3,,2488,542,107,112,21.3,13945.894736842107,
2025-11-12,118,Secano,M4,R3,,2280,437,77,101,24.5,14700,
2025-11-12,119,Secano,M0,R3,,1308,358,76,102,30.2,10395.157894736842,
2025-11-12,120,Secano,M1,R3,,2508,507,15,109,22.8,15048.000000000002,
2025-11-12,121,Secano,M5,R3,,1554,372,84,89,25.6,10469.052631578947,
2025-11-12,122,Secano,M2,R3,,1588,622,30,157,26.3,10990.631578947368,
2025-11-12,123,Secano,M1,R4,,2419,1066,74,219,20.9,13304.5,
2025-11-12,124,Secano,M0,R4,,1723,304,1,79,27.3,12378.394736842109,
2025-11-12,125,Secano,M5,R4,,1964,476,93,119,26.2,13541.263157894738,
2025-11-12,126,Secano,M4,R4,,2142,517,69,109,21.8,12288.315789473687,
2025-11-12,127,Secano,M3,R4,,2285,430,22,99,24.5,14732.236842105265,
2025-11-12,128,Secano,M2,R4,,2028,405,27,120,29.1,15530.210526315794,
2025-11-12,129,Riego,M0,R1,,1519,400,34,113,30.1,12032.07894736842,
2025-11-12,130,Riego,M1,R1,,2620,689,86,141,21.1,14547.894736842107,
2025-11-12,131,Riego,M2,R1,,2590,520,16,89,17.9,12200.263157894737,
2025-11-12,132,Riego,M3,R1,,2010,544,23,115,21.9,11583.947368421052,
2025-11-12,133,Riego,M4,R1,,2589,1074,11,212,20.2,13762.57894736842,
2025-11-12,134,Riego,M5,R1,,1880,308,49,57,20.3,10043.157894736843,
2025-11-12,135,Riego,M3,R2,,1882,520,98,123,24.5,12133.947368421052,
2025-11-12,136,Riego,M2,R2,,2358,769,48,168,22.4,13899.789473684212,
2025-11-12,137,Riego,M4,R2,,2190,677,57,156,23.7,13658.684210526317,
2025-11-12,138,Riego,M0,R2,,2339,579,88,135,24.3,14957.289473684212,
2025-11-12,139,Riego,M1,R2,,2381,410,111,74,19,11905,
2025-11-12,140,Riego,M5,R2,,2044,322,28,60,20.2,10865.473684210527,
2025-11-12,141,Riego,M3,R3,,2130,570,59,144,26.6,14910.000000000002,
2025-11-12,142,Riego,M4,R3,,1969,520,94,111,22.4,11606.736842105263,
2025-11-12,143,Riego,M0,R3,,1448,322,12,90,30,11431.57894736842,
2025-11-12,144,Riego,M1,R3,,2836,603,8,119,20.3,15150.21052631579,
2025-11-12,145,Riego,M5,R3,,1834,685,21,159,23.9,11534.894736842105,
2025-11-12,146,Riego,M2,R3,,2011,400,80,98,26.3,13918.236842105263,
2025-11-12,147,Riego,M1,R4,,3149,601,14,130,22.1,18313.92105263158,
2025-11-12,148,Riego,M0,R4,,1039,250,64,65,28.1,7683.131578947369,
2025-11-12,149,Riego,M5,R4,,2201,292,45,66.10000000000002,23.6,13669.368421052633,
2025-11-12,150,Riego,M4,R4,,2650,420,83,118,18.2,12692.105263157893,
2025-11-12,151,Riego,M3,R4,,2036,282,89,65,24.7,13234,
2025-11-12,152,Riego,M2,R4,,2253,667,52,101,25,14822.368421052633,
