observation_id,date,sample_id,sector,treatment,block,tillers_30_cm,green_weight_1m_g,green_weight_sample_g,tray_weight_g,dry_weight_g,dry_matter_pct
dm_20250612_riego_general_r1,2025-06-12,1,Riego,GENERAL,R1,265.0,431.3,642.0,72.0,539.0,38.3
dm_20250612_riego_general_r2,2025-06-12,2,Riego,GENERAL,R2,265.0,314.1,685.0,56.0,547.0,34.0
dm_20250612_riego_general_r3,2025-06-12,3,Riego,GENERAL,R3,278.0,467.5,738.0,81.0,598.0,38.3
dm_20250612_riego_general_r4,2025-06-12,4,Riego,GENERAL,R4,274.0,359.4,696.0,28.0,561.0,34.4
dm_20250612_riego_general_r5,2025-06-12,,Riego,GENERAL,R5,233.0,,,,,
dm_20250612_secano_general_r1,2025-06-12,5,Secano,GENERAL,R1,252.0,404.7,680.0,11.0,569.0,34.7
dm_20250612_secano_general_r2,2025-06-12,6,Secano,GENERAL,R2,300.0,571.9,736.0,42.0,591.0,33.3
dm_20250612_secano_general_r3,2025-06-12,7,Secano,GENERAL,R3,305.0,445.0,680.0,25.0,558.0,31.1
dm_20250612_secano_general_r4,2025-06-12,8,Secano,GENERAL,R4,263.0,284.7,709.0,45.0,587.0,35.8
dm_20250612_secano_general_r5,2025-06-12,,Secano,GENERAL,R5,320.0,,,,,
dm_20250916_secano_m0_r1,2025-09-16,9,Secano,M0,R1,,671.0,74.5,97.0,22.0,29.5
dm_20250916_secano_m1_r1,2025-09-16,10,Secano,M1,R1,,1620.0,126.0,31.0,22.0,17.5
dm_20250916_secano_m2_r1,2025-09-16,11,Secano,M2,R1,,1699.0,131.8,56.0,25.0,19.0
dm_20250916_secano_m3_r1,2025-09-16,12,Secano,M3,R1,,1328.0,130.0,29.0,14.0,10.8
dm_20250916_secano_m4_r1,2025-09-16,13,Secano,M4,R1,,803.0,108.6,24.0,37.0,34.1
dm_20250916_secano_m5_r1,2025-09-16,14,Secano,M5,R1,,540.0,66.0,92.0,16.0,24.2
dm_20250916_secano_m3_r2,2025-09-16,15,Secano,M3,R2,,1378.0,137.2,9.0,27.0,19.7
dm_20250916_secano_m2_r2,2025-09-16,16,Secano,M2,R2,,1980.0,86.0,65.0,19.0,22.1
dm_20250916_secano_m4_r2,2025-09-16,17,Secano,M4,R2,,959.0,77.0,55.0,18.0,23.4
dm_20250916_secano_m0_r2,2025-09-16,18,Secano,M0,R2,,466.0,85.0,76.0,25.0,29.4
dm_20250916_secano_m1_r2,2025-09-16,19,Secano,M1,R2,,1735.0,110.6,42.0,23.3,21.1
dm_20250916_secano_m5_r2,2025-09-16,20,Secano,M5,R2,,716.0,104.9,8.0,24.0,22.9
dm_20250916_secano_m3_r3,2025-09-16,21,Secano,M3,R3,,1220.0,106.3,133.0,21.0,19.8
dm_20250916_secano_m4_r3,2025-09-16,22,Secano,M4,R3,,1038.0,146.3,117.0,27.0,18.5
dm_20250916_secano_m0_r3,2025-09-16,23,Secano,M0,R3,,581.0,65.7,51.0,19.0,28.9
dm_20250916_secano_m1_r3,2025-09-16,24,Secano,M1,R3,,1854.0,137.5,66.0,25.0,18.2
dm_20250916_secano_m5_r3,2025-09-16,25,Secano,M5,R3,,640.0,105.4,45.0,26.1,24.8
dm_20250916_secano_m2_r3,2025-09-16,26,Secano,M2,R3,,1495.0,179.9,27.0,70.0,38.9
dm_20250916_secano_m1_r4,2025-09-16,27,Secano,M1,R4,,1408.0,136.9,107.0,26.0,19.0
dm_20250916_secano_m0_r4,2025-09-16,28,Secano,M0,R4,,649.0,113.9,78.0,32.0,28.1
dm_20250916_secano_m5_r4,2025-09-16,29,Secano,M5,R4,,551.0,117.1,43.0,27.0,23.1
dm_20250916_secano_m4_r4,2025-09-16,30,Secano,M4,R4,,971.0,196.7,83.0,39.0,19.8
dm_20250916_secano_m3_r4,2025-09-16,31,Secano,M3,R4,,1360.0,170.8,87.0,34.0,19.9
dm_20250916_secano_m2_r4,2025-09-16,32,Secano,M2,R4,,1450.0,119.5,18.0,23.0,19.2
dm_20250916_riego_m0_r1,2025-09-16,33,Riego,M0,R1,,725.0,70.0,17.0,19.0,27.1
dm_20250916_riego_m1_r1,2025-09-16,34,Riego,M1,R1,,1591.0,101.7,94.0,20.0,19.7
dm_20250916_riego_m2_r1,2025-09-16,35,Riego,M2,R1,,1300.0,77.8,10.0,18.0,23.1
dm_20250916_riego_m3_r1,2025-09-16,36,Riego,M3,R1,,1202.0,148.4,111.0,29.0,19.5
dm_20250916_riego_m4_r1,2025-09-16,37,Riego,M4,R1,,1214.0,162.4,61.0,34.0,20.9
dm_20250916_riego_m5_r1,2025-09-16,38,Riego,M5,R1,,724.0,109.4,67.0,25.0,22.9
dm_20250916_riego_m3_r2,2025-09-16,39,Riego,M3,R2,,839.0,79.4,68.0,19.0,23.9
dm_20250916_riego_m2_r2,2025-09-16,40,Riego,M2,R2,,1472.0,117.3,93.0,24.0,20.5
dm_20250916_riego_m4_r2,2025-09-16,41,Riego,M4,R2,,1085.0,108.3,33.0,23.0,21.2
dm_20250916_riego_m0_r2,2025-09-16,42,Riego,M0,R2,,597.0,84.7,34.0,25.0,29.5
dm_20250916_riego_m1_r2,2025-09-16,43,Riego,M1,R2,,1502.0,105.9,23.0,21.0,19.8
dm_20250916_riego_m5_r2,2025-09-16,44,Riego,M5,R2,,835.0,121.6,54.0,29.0,23.8
dm_20250916_riego_m3_r3,2025-09-16,45,Riego,M3,R3,,1110.0,195.2,85.0,40.4,20.7
dm_20250916_riego_m4_r3,2025-09-16,46,Riego,M4,R3,,1063.0,126.9,82.0,28.0,22.1
dm_20250916_riego_m0_r3,2025-09-16,47,Riego,M0,R3,,799.0,96.4,48.0,22.0,22.8
dm_20250916_riego_m1_r3,2025-09-16,48,Riego,M1,R3,,1566.0,122.9,58.0,23.0,18.7
dm_20250916_riego_m5_r3,2025-09-16,49,Riego,M5,R3,,1313.0,105.6,21.0,25.0,23.7
dm_20250916_riego_m2_r3,2025-09-16,50,Riego,M2,R3,,1519.0,142.9,91.0,29.0,20.3
dm_20250916_riego_m1_r4,2025-09-16,51,Riego,M1,R4,,1466.0,174.9,50.0,29.0,16.6
dm_20250916_riego_m0_r4,2025-09-16,52,Riego,M0,R4,,556.0,82.8,73.0,23.0,27.8
dm_20250916_riego_m5_r4,2025-09-16,53,Riego,M5,R4,,1018.0,109.3,52.0,23.0,21.0
dm_20250916_riego_m4_r4,2025-09-16,54,Riego,M4,R4,,1281.0,103.3,2.0,23.0,22.3
dm_20250916_riego_m3_r4,2025-09-16,55,Riego,M3,R4,,1138.0,127.3,99.0,32.0,25.1
dm_20250916_riego_m2_r4,2025-09-16,56,Riego,M2,R4,,1995.0,136.1,37.0,24.0,17.6
dm_20251020_secano_m0_r1,2025-10-20,57,Secano,M0,R1,,664.0,329.0,39.0,112.0,34.0
dm_20251020_secano_m1_r1,2025-10-20,58,Secano,M1,R1,,1864.0,448.0,57.0,140.0,31.3
dm_20251020_secano_m2_r1,2025-10-20,59,Secano,M2,R1,,1773.0,404.0,76.0,110.0,27.2
dm_20251020_secano_m3_r1,2025-10-20,60,Secano,M3,R1,,1562.0,479.0,17.0,132.0,27.6
dm_20251020_secano_m4_r1,2025-10-20,61,Secano,M4,R1,,1263.0,392.0,106.0,116.0,29.6
dm_20251020_secano_m5_r1,2025-10-20,62,Secano,M5,R1,,946.0,258.0,25.0,105.0,40.7
dm_20251020_secano_m3_r2,2025-10-20,63,Secano,M3,R2,,1941.0,369.0,1.0,111.0,30.1
dm_20251020_secano_m2_r2,2025-10-20,64,Secano,M2,R2,,2090.0,445.0,126.0,134.0,30.1
dm_20251020_secano_m4_r2,2025-10-20,65,Secano,M4,R2,,1565.0,388.0,27.0,126.0,32.5
dm_20251020_secano_m0_r2,2025-10-20,66,Secano,M0,R2,,917.0,214.0,33.0,68.0,31.8
dm_20251020_secano_m1_r2,2025-10-20,67,Secano,M1,R2,,1662.0,354.0,93.0,107.0,30.2
dm_20251020_secano_m5_r2,2025-10-20,68,Secano,M5,R2,,1223.0,453.0,65.0,131.0,28.9
dm_20251020_secano_m3_r3,2025-10-20,69,Secano,M3,R3,,1475.0,327.0,10.0,93.0,28.4
dm_20251020_secano_m4_r3,2025-10-20,70,Secano,M4,R3,,1827.0,398.0,95.0,112.0,28.1
dm_20251020_secano_m0_r3,2025-10-20,71,Secano,M0,R3,,601.0,288.0,42.0,90.0,31.3
dm_20251020_secano_m1_r3,2025-10-20,72,Secano,M1,R3,,1319.0,353.0,26.0,105.0,29.7
dm_20251020_secano_m5_r3,2025-10-20,73,Secano,M5,R3,,1065.0,302.0,6.0,90.0,29.8
dm_20251020_secano_m2_r3,2025-10-20,74,Secano,M2,R3,,1165.0,375.0,88.0,121.0,32.3
dm_20251020_secano_m1_r4,2025-10-20,75,Secano,M1,R4,,1682.0,326.0,22.0,85.0,26.1
dm_20251020_secano_m0_r4,2025-10-20,76,Secano,M0,R4,,909.0,286.0,2.0,94.0,32.9
dm_20251020_secano_m5_r4,2025-10-20,77,Secano,M5,R4,,1602.0,278.0,47.0,75.0,27.0
dm_20251020_secano_m4_r4,2025-10-20,78,Secano,M4,R4,,1549.0,415.0,85.0,111.0,26.7
dm_20251020_secano_m3_r4,2025-10-20,79,Secano,M3,R4,,1919.0,412.0,61.0,128.0,31.1
dm_20251020_secano_m2_r4,2025-10-20,80,Secano,M2,R4,,1578.0,351.0,70.0,104.0,29.6
dm_20251020_riego_m0_r1,2025-10-20,81,Riego,M0,R1,,677.0,257.0,59.0,79.0,30.7
dm_20251020_riego_m1_r1,2025-10-20,82,Riego,M1,R1,,2084.0,346.0,43.0,85.0,24.6
dm_20251020_riego_m2_r1,2025-10-20,83,Riego,M2,R1,,1698.0,376.0,68.0,93.0,24.7
dm_20251020_riego_m3_r1,2025-10-20,84,Riego,M3,R1,,1536.0,349.0,84.0,93.0,26.6
dm_20251020_riego_m4_r1,2025-10-20,85,Riego,M4,R1,,1673.0,385.0,44.0,91.0,23.6
dm_20251020_riego_m5_r1,2025-10-20,86,Riego,M5,R1,,1507.0,385.0,15.0,90.0,23.4
dm_20251020_riego_m3_r2,2025-10-20,87,Riego,M3,R2,,1564.0,328.0,107.0,88.0,26.8
dm_20251020_riego_m2_r2,2025-10-20,88,Riego,M2,R2,,1766.0,337.0,40.0,84.0,24.9
dm_20251020_riego_m4_r2,2025-10-20,89,Riego,M4,R2,,1685.0,308.0,105.0,73.0,23.7
dm_20251020_riego_m0_r2,2025-10-20,90,Riego,M0,R2,,746.0,219.0,117.0,66.0,30.1
dm_20251020_riego_m1_r2,2025-10-20,91,Riego,M1,R2,,2400.0,469.0,31.0,98.0,20.9
dm_20251020_riego_m5_r2,2025-10-20,92,Riego,M5,R2,,1605.0,376.0,98.0,85.0,22.6
dm_20251020_riego_m3_r3,2025-10-20,93,Riego,M3,R3,,2079.0,280.0,9.0,76.0,27.1
dm_20251020_riego_m4_r3,2025-10-20,94,Riego,M4,R3,,2186.0,250.0,36.0,63.0,25.2
dm_20251020_riego_m0_r3,2025-10-20,95,Riego,M0,R3,,735.0,289.0,34.0,83.0,28.7
dm_20251020_riego_m1_r3,2025-10-20,96,Riego,M1,R3,,2067.0,381.0,56.0,81.0,21.3
dm_20251020_riego_m5_r3,2025-10-20,97,Riego,M5,R3,,1627.0,366.0,28.0,80.0,21.9
dm_20251020_riego_m2_r3,2025-10-20,98,Riego,M2,R3,,1743.0,373.0,37.0,101.0,27.1
dm_20251020_riego_m1_r4,2025-10-20,99,Riego,M1,R4,,2651.0,412.0,86.0,93.0,22.6
dm_20251020_riego_m0_r4,2025-10-20,100,Riego,M0,R4,,861.0,302.0,71.0,89.0,29.5
dm_20251020_riego_m5_r4,2025-10-20,101,Riego,M5,R4,,2052.0,349.0,67.0,82.0,23.5
dm_20251020_riego_m4_r4,2025-10-20,102,Riego,M4,R4,,1654.0,461.0,63.0,108.0,23.4
dm_20251020_riego_m3_r4,2025-10-20,103,Riego,M3,R4,,1335.0,377.0,132.0,105.0,27.9
dm_20251020_riego_m2_r4,2025-10-20,104,Riego,M2,R4,,1827.0,365.0,20.0,107.0,29.3
dm_20251112_secano_m0_r1,2025-11-12,105,Secano,M0,R1,,1363.0,308.0,87.0,82.0,28.5
dm_20251112_secano_m1_r1,2025-11-12,106,Secano,M1,R1,,2246.0,630.0,91.0,135.0,22.2
dm_20251112_secano_m2_r1,2025-11-12,107,Secano,M2,R1,,2350.0,430.0,17.0,87.0,21.1
dm_20251112_secano_m3_r1,2025-11-12,108,Secano,M3,R1,,1988.0,358.0,60.0,91.0,26.8
dm_20251112_secano_m4_r1,2025-11-12,109,Secano,M4,R1,,1410.0,296.0,62.0,68.0,24.5
dm_20251112_secano_m5_r1,2025-11-12,110,Secano,M5,R1,,1477.0,595.0,67.0,145.0,25.8
dm_20251112_secano_m3_r2,2025-11-12,111,Secano,M3,R2,,2133.0,489.0,65.0,105.0,22.4
dm_20251112_secano_m2_r2,2025-11-12,112,Secano,M2,R2,,2504.0,552.0,4.0,124.0,23.4
dm_20251112_secano_m4_r2,2025-11-12,113,Secano,M4,R2,,2144.0,430.0,20.0,92.0,22.6
dm_20251112_secano_m0_r2,2025-11-12,114,Secano,M0,R2,,746.0,283.0,90.0,74.0,28.5
dm_20251112_secano_m1_r2,2025-11-12,115,Secano,M1,R2,,2402.0,580.0,39.0,149.0,26.9
dm_20251112_secano_m5_r2,2025-11-12,116,Secano,M5,R2,,1689.0,499.0,106.0,113.0,23.9
dm_20251112_secano_m3_r3,2025-11-12,117,Secano,M3,R3,,2488.0,542.0,107.0,112.0,21.3
dm_20251112_secano_m4_r3,2025-11-12,118,Secano,M4,R3,,2280.0,437.0,77.0,101.0,24.5
dm_20251112_secano_m0_r3,2025-11-12,119,Secano,M0,R3,,1308.0,358.0,76.0,102.0,30.2
dm_20251112_secano_m1_r3,2025-11-12,120,Secano,M1,R3,,2508.0,507.0,15.0,109.0,22.8
dm_20251112_secano_m5_r3,2025-11-12,121,Secano,M5,R3,,1554.0,372.0,84.0,89.0,25.6
dm_20251112_secano_m2_r3,2025-11-12,122,Secano,M2,R3,,1588.0,622.0,30.0,157.0,26.3
dm_20251112_secano_m1_r4,2025-11-12,123,Secano,M1,R4,,2419.0,1066.0,74.0,219.0,20.9
dm_20251112_secano_m0_r4,2025-11-12,124,Secano,M0,R4,,1723.0,304.0,1.0,79.0,27.3
dm_20251112_secano_m5_r4,2025-11-12,125,Secano,M5,R4,,1964.0,476.0,93.0,119.0,26.2
dm_20251112_secano_m4_r4,2025-11-12,126,Secano,M4,R4,,2142.0,517.0,69.0,109.0,21.8
dm_20251112_secano_m3_r4,2025-11-12,127,Secano,M3,R4,,2285.0,430.0,22.0,99.0,24.5
dm_20251112_secano_m2_r4,2025-11-12,128,Secano,M2,R4,,2028.0,405.0,27.0,120.0,29.1
dm_20251112_riego_m0_r1,2025-11-12,129,Riego,M0,R1,,1519.0,400.0,34.0,113.0,30.1
dm_20251112_riego_m1_r1,2025-11-12,130,Riego,M1,R1,,2620.0,689.0,86.0,141.0,21.1
dm_20251112_riego_m2_r1,2025-11-12,131,Riego,M2,R1,,2590.0,520.0,16.0,89.0,17.9
dm_20251112_riego_m3_r1,2025-11-12,132,Riego,M3,R1,,2010.0,544.0,23.0,115.0,21.9
dm_20251112_riego_m4_r1,2025-11-12,133,Riego,M4,R1,,2589.0,1074.0,11.0,212.0,20.2
dm_20251112_riego_m5_r1,2025-11-12,134,Riego,M5,R1,,1880.0,308.0,49.0,57.0,20.3
dm_20251112_riego_m3_r2,2025-11-12,135,Riego,M3,R2,,1882.0,520.0,98.0,123.0,24.5
dm_20251112_riego_m2_r2,2025-11-12,136,Riego,M2,R2,,2358.0,769.0,48.0,168.0,22.4
dm_20251112_riego_m4_r2,2025-11-12,137,Riego,M4,R2,,2190.0,677.0,57.0,156.0,23.7
dm_20251112_riego_m0_r2,2025-11-12,138,Riego,M0,R2,,2339.0,579.0,88.0,135.0,24.3
dm_20251112_riego_m1_r2,2025-11-12,139,Riego,M1,R2,,2381.0,410.0,111.0,74.0,19.0
dm_20251112_riego_m5_r2,2025-11-12,140,Riego,M5,R2,,2044.0,322.0,28.0,60.0,20.2
dm_20251112_riego_m3_r3,2025-11-12,141,Riego,M3,R3,,2130.0,570.0,59.0,144.0,26.6
dm_20251112_riego_m4_r3,2025-11-12,142,Riego,M4,R3,,1969.0,520.0,94.0,111.0,22.4
dm_20251112_riego_m0_r3,2025-11-12,143,Riego,M0,R3,,1448.0,322.0,12.0,90.0,30.0
dm_20251112_riego_m1_r3,2025-11-12,144,Riego,M1,R3,,2836.0,603.0,8.0,119.0,20.3
dm_20251112_riego_m5_r3,2025-11-12,145,Riego,M5,R3,,1834.0,685.0,21.0,159.0,23.9
dm_20251112_riego_m2_r3,2025-11-12,146,Riego,M2,R3,,2011.0,400.0,80.0,98.0,26.3
dm_20251112_riego_m1_r4,2025-11-12,147,Riego,M1,R4,,3149.0,601.0,14.0,130.0,22.1
dm_20251112_riego_m0_r4,2025-11-12,148,Riego,M0,R4,,1039.0,250.0,64.0,65.0,28.1
dm_20251112_riego_m5_r4,2025-11-12,149,Riego,M5,R4,,2201.0,292.0,45.0,66.10000000000002,23.6
dm_20251112_riego_m4_r4,2025-11-12,150,Riego,M4,R4,,2650.0,420.0,83.0,118.0,18.2
dm_20251112_riego_m3_r4,2025-11-12,151,Riego,M3,R4,,2036.0,282.0,89.0,65.0,24.7
dm_20251112_riego_m2_r4,2025-11-12,152,Riego,M2,R4,,2253.0,667.0,52.0,101.0,25.0
