observation_id,dry_matter_pct_from_weights,dry_matter_abs_difference_pp,dry_matter_relative_difference,dry_matter_issue,biomass_reported_kg_ha,biomass_recorded_dm_kg_ha,biomass_ratio_dm_kg_ha,biomass_recalculation_difference_kg_ha,tiller_density_m2
dm_20250612_riego_general_r1,83.95638629283489,45.656386292834895,1.1920727491601801,true,4347.0,4347.049999999999,9529.04984423676,0.049999999999272404,2324.5614035087724
dm_20250612_riego_general_r2,79.85401459854015,45.85401459854015,1.3486474881923574,true,2810.0,2810.3684210526317,6600.564733000385,0.3684210526316747,2324.5614035087724
dm_20250612_riego_general_r3,81.02981029810297,42.729810298102976,1.115660843292506,true,4712.0,4711.907894736842,9968.799030095563,-0.09210526315837342,2438.5964912280706
dm_20250612_riego_general_r4,80.60344827586206,46.203448275862065,1.3431234963913392,true,3254.0,3253.5157894736835,7623.389292196006,-0.484210526316474,2403.508771929825
dm_20250612_riego_general_r5,,,,false,,,,,2043.8596491228075
dm_20250612_secano_general_r1,83.67647058823529,48.97647058823529,1.411425665367011,true,3696.0,3695.5500000000006,8911.544117647056,-0.44999999999936335,2210.5263157894738
dm_20250612_secano_general_r2,80.29891304347827,46.99891304347827,1.4113787700744227,true,5012.0,5011.649999999999,12084.986413043478,-0.3500000000012733,2631.5789473684213
dm_20250612_secano_general_r3,82.05882352941177,50.95882352941177,1.6385473803669377,true,3642.0,3641.9736842105262,9609.520123839011,-0.026315789473756013,2675.4385964912285
dm_20250612_secano_general_r4,82.79266572637518,46.99266572637518,1.3126442940328262,true,2682.0,2682.173684210526,6202.913666394477,0.1736842105260621,2307.0175438596493
dm_20250612_secano_general_r5,,,,false,,,,,2807.0175438596493
dm_20250916_secano_m0_r1,29.53020134228188,0.030201342281880983,0.0010237743146400333,false,5214.0,5209.078947368421,5214.411868597668,-4.921052631579187,
dm_20250916_secano_m1_r1,17.46031746031746,0.03968253968254132,0.002267573696145218,false,7444.0,7460.526315789473,7443.60902255639,16.5263157894733,
dm_20250916_secano_m2_r1,18.96813353566009,0.031866464339909584,0.0016771823336794518,false,8481.0,8495.0,8480.752336075393,14.0,
dm_20250916_secano_m3_r1,10.76923076923077,0.03076923076923066,0.0028490028490028387,false,3764.0,3774.315789473684,3763.5627530364372,10.315789473684163,
dm_20250916_secano_m4_r1,34.06998158379374,0.030018416206260667,0.0008803054605941545,false,7200.0,7205.868421052633,7199.5250557332565,5.868421052632584,
dm_20250916_secano_m5_r1,24.242424242424242,0.04242424242424292,0.0017530678687703687,false,3445.0,3438.947368421053,3444.9760765550236,-6.052631578947057,
dm_20250916_secano_m3_r2,19.67930029154519,0.02069970845480995,0.001050746622071571,false,7136.0,7143.842105263157,7136.33573730244,7.842105263156554,
dm_20250916_secano_m2_r2,22.093023255813954,0.0069767441860477675,0.0003156897821741071,false,11512.0,11515.263157894737,11511.627906976744,3.2631578947366506,
dm_20250916_secano_m4_r2,23.376623376623375,0.02337662337662394,0.000999000999001023,false,5900.0,5905.421052631579,5899.521531100478,5.421052631579187,
dm_20250916_secano_m0_r2,29.411764705882355,0.011764705882356452,0.0004001600640257297,false,3607.0,3605.368421052631,3606.8111455108356,-1.63157894736878,
dm_20250916_secano_m1_r2,21.066907775768538,0.03309222423146352,0.0015683518593110671,false,9619.0,9633.815789473685,9618.706576568004,14.815789473685072,
dm_20250916_secano_m5_r2,22.878932316491895,0.02106768350810384,0.0009199861793931809,false,4311.0,4314.8421052631575,4310.872510160051,3.842105263157464,
dm_20250916_secano_m3_r3,19.75540921919097,0.044590780809031116,0.0022520596368197534,false,6343.0,6356.8421052631575,6342.526117740258,13.842105263157464,
dm_20250916_secano_m4_r3,18.45522898154477,0.04477101845522924,0.002420055051634013,false,5041.0,5053.421052631579,5041.191495485124,12.421052631579187,
dm_20250916_secano_m0_r3,28.9193302891933,0.019330289193302264,0.000668868138176549,false,4422.0,4418.657894736842,4421.613394216134,-3.3421052631583734,
dm_20250916_secano_m1_r3,18.181818181818183,0.018181818181815856,0.0009990009990008713,false,8871.0,8879.684210526315,8870.813397129186,8.684210526314928,
dm_20250916_secano_m5_r3,24.76280834914611,0.037191650853891645,0.0014996633408827275,false,4171.0,4176.842105263158,4170.578248277239,5.842105263158373,
dm_20250916_secano_m2_r3,38.91050583657588,0.010505836575880778,0.0002700729196884519,false,15308.0,15304.078947368424,15308.21216465288,-3.9210526315764582,
dm_20250916_secano_m1_r4,18.991964937910883,0.008035062089117417,0.0004228980046903904,false,7037.0,7039.999999999999,7037.022798046981,2.9999999999990905,
dm_20250916_secano_m0_r4,28.094820017559265,0.005179982440736808,0.00018434101212586504,false,4798.0,4799.184210526317,4798.299524051569,1.1842105263167468,
dm_20250916_secano_m5_r4,23.05721605465414,0.042783945345860275,0.0018521188461411372,false,3343.0,3349.5,3343.296327924851,6.5,
dm_20250916_secano_m4_r4,19.827147941026947,0.0271479410269464,0.0013711081326740605,false,5066.0,5059.421052631579,5066.358065983464,-6.578947368420813,
dm_20250916_secano_m3_r4,19.906323185011708,0.006323185011709143,0.0003177479905381479,false,7124.0,7122.105263157894,7124.368297793663,-1.8947368421058854,
dm_20250916_secano_m2_r4,19.246861924686193,0.0468619246861941,0.0024407252440726097,false,7344.0,7326.315789473685,7344.197313367101,-17.684210526314928,
dm_20250916_riego_m0_r1,27.142857142857142,0.04285714285714093,0.0015814443858723588,false,5179.0,5170.394736842106,5178.571428571428,-8.605263157894115,
dm_20250916_riego_m1_r1,19.66568338249754,0.03431661750245851,0.001741960279312615,false,8234.0,8248.07894736842,8233.71112146147,14.078947368419904,
dm_20250916_riego_m2_r1,23.13624678663239,0.03624678663238967,0.0015691249624411113,false,7915.0,7902.631578947368,7915.031795426871,-12.368421052631675,
dm_20250916_riego_m3_r1,19.541778975741238,0.0417789757412379,0.0021425115764737387,false,6181.0,6168.1578947368425,6181.373244431834,-12.842105263157464,
dm_20250916_riego_m4_r1,20.935960591133004,0.03596059113300498,0.0017206024465552625,false,6688.0,6677.000000000001,6688.488462535649,-10.99999999999909,
dm_20250916_riego_m5_r1,22.851919561243143,0.048080438756855415,0.002099582478465302,false,4354.0,4363.0526315789475,4353.892042721061,9.052631578947512,
dm_20250916_riego_m3_r2,23.92947103274559,0.029471032745590264,0.0012330976044180027,false,5283.0,5276.868421052631,5283.3753148614605,-6.131578947369235,
dm_20250916_riego_m2_r2,20.460358056265985,0.03964194373401497,0.0019337533528787792,false,7926.0,7941.052631578947,7925.696594427245,15.052631578946603,
dm_20250916_riego_m4_r2,21.23730378578024,0.03730378578024229,0.0017596125368038818,false,6064.0,6053.157894736842,6063.8091072556745,-10.842105263158373,
dm_20250916_riego_m0_r2,29.515938606847698,0.015938606847697656,0.0005402917575490731,false,4637.0,4634.605263157894,4637.109302181072,-2.3947368421058854,
dm_20250916_riego_m1_r2,19.830028328611895,0.03002832861189475,0.0015165822531259974,false,7838.0,7826.210526315789,7838.079618309228,-11.789473684210861,
dm_20250916_riego_m5_r2,23.848684210526315,0.04868421052631433,0.0020455550641308544,false,5240.0,5229.736842105263,5240.434556786704,-10.26315789473665,
dm_20250916_riego_m3_r3,20.69672131147541,0.003278688524588347,0.00015839074998011337,false,6046.0,6046.578947368421,6045.621225194133,0.5789473684208133,
dm_20250916_riego_m4_r3,22.06461780929866,0.03538219070134119,0.0016010041041330852,false,6172.0,6182.184210526316,6172.286508232756,10.184210526315837,
dm_20250916_riego_m0_r3,22.821576763485478,0.021576763485477102,0.0009463492756788202,false,4799.0,4794.0,4798.5367984276045,-5.0,
dm_20250916_riego_m1_r3,18.714401952807158,0.014401952807158835,0.000770157904126141,false,7712.0,7706.368421052632,7712.303541604213,-5.631578947368325,
dm_20250916_riego_m5_r3,23.674242424242426,0.025757575757573647,0.001086817542513656,false,8180.0,8188.973684210526,8180.073763955344,8.97368421052579,
dm_20250916_riego_m2_r3,20.293911826452064,0.006088173547937004,0.00029991002699197064,false,8112.0,8114.6578947368425,8112.224227468601,2.657894736842536,
dm_20250916_riego_m1_r4,16.580903373356204,0.01909662664379752,0.001150399195409489,false,6397.0,6404.105263157896,6396.737985615841,7.1052631578959335,
dm_20250916_riego_m0_r4,27.77777777777778,0.022222222222222143,0.0007993605115907246,false,4064.0,4067.5789473684213,4064.327485380117,3.578947368421268,
dm_20250916_riego_m5_r4,21.043000914913083,0.04300091491308322,0.0020476626149087246,false,5637.0,5625.789473684211,5637.309192468821,-11.210526315789139,
dm_20250916_riego_m4_r4,22.265246853823815,0.03475314617618608,0.0015584370482594654,false,7506.0,7517.4473684210525,7505.731899933764,11.447368421052488,
dm_20250916_riego_m3_r4,25.13747054202671,0.037470542026706966,0.0014928502799484845,false,7528.0,7516.78947368421,7528.010914954314,-11.210526315790048,
dm_20250916_riego_m2_r4,17.634092578986042,0.03409257898604068,0.0019370783514795838,false,9258.0,9240.000000000002,9257.898603967671,-17.99999999999818,
dm_20251020_secano_m0_r1,34.04255319148936,0.0425531914893611,0.001251564455569444,false,5948.0,5941.052631578948,5948.4882418812995,-6.9473684210515785,
dm_20251020_secano_m1_r1,31.25,0.05000000000000071,0.0015974440894568917,false,15329.0,15353.473684210525,15328.947368421052,24.47368421052488,
dm_20251020_secano_m2_r1,27.22772277227723,0.027722772277229524,0.0010192195690157913,false,12704.0,12690.947368421053,12703.882230328296,-13.052631578946603,
dm_20251020_secano_m3_r1,27.55741127348643,0.04258872651357137,0.001543069801216354,false,11328.0,11345.052631578947,11327.54642346995,17.052631578946603,
dm_20251020_secano_m4_r1,29.591836734693878,0.008163265306123435,0.00027578599007173766,false,9835.0,9838.105263157895,9835.392051557465,3.105263157895024,
dm_20251020_secano_m5_r1,40.69767441860465,0.0023255813953539928,5.713959202343962e-05,false,10132.0,10132.157894736843,10131.578947368422,0.15789473684344557,
dm_20251020_secano_m3_r2,30.081300813008134,0.018699186991867123,0.0006212354482347881,false,15365.0,15374.763157894737,15365.211810012837,9.76315789473665,
dm_20251020_secano_m2_r2,30.112359550561795,0.012359550561793498,0.00041061629773400324,false,16562.0,16555.0,16561.797752808987,-7.0,
dm_20251020_secano_m4_r2,32.47422680412371,0.025773195876290345,0.0007930214115781644,false,13374.0,13384.868421052632,13374.253933803579,10.868421052631675,
dm_20251020_secano_m0_r2,31.775700934579437,0.024299065420564148,0.0007641215541057907,false,7668.0,7673.8421052631575,7667.978357107722,5.842105263157464,
dm_20251020_secano_m1_r2,30.225988700564972,0.025988700564973044,0.000860552998840167,false,13220.0,13208.526315789473,13219.892952720786,-11.473684210526699,
dm_20251020_secano_m5_r2,28.918322295805737,0.01832229580573852,0.0006339894742470076,false,9307.0,9301.236842105263,9307.133728360637,-5.763157894736651,
dm_20251020_secano_m3_r3,28.440366972477065,0.040366972477066554,0.001421372270319245,false,11039.0,11023.684210526315,11039.352969579912,-15.315789473685072,
dm_20251020_secano_m4_r3,28.14070351758794,0.04070351758793933,0.001448523757577912,false,13530.0,13510.184210526319,13529.754033324518,-19.815789473681434,
dm_20251020_secano_m0_r3,31.25,0.05000000000000071,0.0015974440894568917,false,4942.0,4950.342105263158,4942.434210526316,8.342105263158373,
dm_20251020_secano_m1_r3,29.745042492917843,0.0450424929178439,0.0015165822531260573,false,10325.0,10309.026315789473,10324.66080214701,-15.973684210526699,
dm_20251020_secano_m5_r3,29.80132450331126,0.0013245033112596616,4.444641984092824e-05,false,8352.0,8351.842105263157,8352.213314743814,-0.15789473684344557,
dm_20251020_secano_m2_r3,32.266666666666666,0.03333333333333144,0.0010319917440659888,false,9892.0,9902.5,9892.280701754386,10.5,
dm_20251020_secano_m1_r4,26.07361963190184,0.02638036809816313,0.0010107420727265568,false,11541.0,11552.684210526317,11541.007426541813,11.684210526316747,
dm_20251020_secano_m0_r4,32.86713286713287,0.03286713286713194,0.000999000999000971,false,7862.0,7870.026315789472,7862.164151637836,8.026315789472392,
dm_20251020_secano_m5_r4,26.978417266187048,0.02158273381295217,0.0007993605115908212,false,11374.0,11382.63157894737,11373.532752745172,8.631578947370144,
dm_20251020_secano_m4_r4,26.746987951807228,0.046987951807228256,0.0017598483822931933,false,10903.0,10883.763157894737,10902.91693088142,-19.23684210526335,
dm_20251020_secano_m3_r4,31.06796116504854,0.03203883495146087,0.0010301876190180344,false,15689.0,15705.5,15689.320388349513,16.5,
dm_20251020_secano_m2_r4,29.629629629629626,0.029629629629624787,0.0010010010010008373,false,12304.0,12291.789473684214,12304.093567251462,-12.21052631578641,
dm_20251020_riego_m0_r1,30.739299610894943,0.03929961089494327,0.001280117618727794,false,5476.0,5469.4473684210525,5476.448904362072,-6.552631578947512,
dm_20251020_riego_m1_r1,24.566473988439306,0.03352601156069568,0.0013628459984022633,false,13473.0,13491.157894736845,13472.771524186186,18.157894736845265,
dm_20251020_riego_m2_r1,24.73404255319149,0.0340425531914903,0.0013782410198983927,false,11052.0,11037.000000000002,11052.211646136617,-14.999999999998181,
dm_20251020_riego_m3_r1,26.64756446991404,0.04756446991403962,0.0017881379666932187,false,10771.0,10752.0,10771.226059417886,-19.0,
dm_20251020_riego_m4_r1,23.636363636363637,0.036363636363635266,0.001540832049306579,false,10406.0,10390.21052631579,10406.22009569378,-15.789473684209952,
dm_20251020_riego_m5_r1,23.376623376623375,0.02337662337662394,0.000999000999001023,false,9271.0,9279.947368421052,9270.67669172932,8.947368421051578,
dm_20251020_riego_m3_r2,26.82926829268293,0.02926829268292863,0.0010921004732436057,false,11042.0,11030.315789473685,11042.362002567394,-11.684210526314928,
dm_20251020_riego_m2_r2,24.92581602373887,0.02581602373887293,0.0010367881019627684,false,11584.0,11571.947368421053,11583.945025769171,-12.052631578946603,
dm_20251020_riego_m4_r2,23.7012987012987,0.0012987012987011326,5.4797523151946524e-05,false,10510.0,10509.07894736842,10509.654818865345,-0.9210526315800962,
dm_20251020_riego_m0_r2,30.136986301369863,0.03698630136986125,0.0012287807764073506,false,5916.0,5909.105263157895,5916.366258111029,-6.894736842104976,
dm_20251020_riego_m1_r2,20.8955223880597,0.004477611940298942,0.00021423980575593026,false,13197.0,13200.0,13197.17203456402,3.0,
dm_20251020_riego_m5_r2,22.606382978723406,0.006382978723404875,0.0002824326868763219,false,9548.0,9545.526315789473,9548.22228443449,-2.4736842105266987,
dm_20251020_riego_m3_r3,27.142857142857142,0.04285714285714093,0.0015814443858723588,false,14850.0,14826.552631578948,14850.0,-23.44736842105158,
dm_20251020_riego_m4_r3,25.2,0.0,0.0,false,14497.0,14496.631578947367,14496.631578947367,-0.3684210526334937,
dm_20251020_riego_m0_r3,28.719723183391004,0.01972318339100454,0.0006872189334844787,false,5555.0,5551.184210526315,5554.99908941905,-3.815789473685072,
dm_20251020_riego_m1_r3,21.25984251968504,0.040157480314960026,0.001885327714317372,false,11564.0,11586.078947368422,11564.235391628677,22.078947368421723,
dm_20251020_riego_m5_r3,21.85792349726776,0.04207650273223962,0.0019213014946228137,false,9359.0,9376.65789473684,9358.642507909117,17.657894736839808,
dm_20251020_riego_m2_r3,27.07774798927614,0.02225201072386085,0.0008211074067845331,false,12420.0,12430.342105263157,12420.135459291661,10.342105263156554,
dm_20251020_riego_m1_r4,22.572815533980584,0.02718446601941693,0.0012028524787352623,false,15748.0,15766.473684210527,15747.50894225856,18.4736842105267,
dm_20251020_riego_m0_r4,29.47019867549669,0.02980132450331041,0.0010102143899427258,false,6677.0,6684.078947368421,6677.326594632275,7.078947368420813,
dm_20251020_riego_m5_r4,23.49570200573066,0.004297994269339966,0.00018289337316340282,false,12688.0,12690.0,12687.679083094556,2.0,
dm_20251020_riego_m4_r4,23.427331887201735,0.027331887201736293,0.0011680293675955682,false,10197.0,10185.157894736842,10197.054458271492,-11.842105263158373,
dm_20251020_riego_m3_r4,27.851458885941643,0.048541114058355816,0.0017398248766435777,false,9785.0,9801.710526315788,9784.657266508444,16.71052631578823,
dm_20251020_riego_m2_r4,29.315068493150687,0.015068493150685924,0.0005142830426855264,false,14094.0,14087.131578947365,14094.3763518385,-6.868421052635313,
dm_20251112_secano_m0_r1,26.623376623376622,1.8766233766233782,0.06584643426748696,false,10222.5,10222.5,9549.384825700614,0.0,
dm_20251112_secano_m1_r1,21.428571428571427,0.7714285714285722,0.034749034749034784,false,13121.368421052632,13121.368421052632,12665.413533834588,0.0,
dm_20251112_secano_m2_r1,20.232558139534884,0.8674418604651173,0.04111098864763589,false,13048.684210526319,13048.684210526315,12512.239902080782,-3.637978807091713e-12,
dm_20251112_secano_m3_r1,25.41899441340782,1.381005586592181,0.05153005920120079,false,14020.63157894737,14020.631578947368,13298.147603645984,-1.8189894035458565e-12,
dm_20251112_secano_m4_r1,22.972972972972975,1.5270270270270245,0.062327633756205085,false,9090.78947368421,9090.78947368421,8524.182076813657,0.0,
dm_20251112_secano_m5_r1,24.369747899159663,1.4302521008403382,0.05543612793954799,false,10028.052631578948,10028.052631578948,9472.136222910216,0.0,
dm_20251112_secano_m3_r2,21.472392638036812,0.9276073619631866,0.04141104294478512,false,12573.473684210527,12573.473684210527,12052.793025508558,0.0,
dm_20251112_secano_m2_r2,22.463768115942027,0.9362318840579711,0.04000990957512697,false,15419.368421052632,15419.368421052628,14802.440884820748,-3.637978807091713e-12,
dm_20251112_secano_m4_r2,21.3953488372093,1.2046511627907002,0.05330314879604868,false,12751.157894736843,12751.157894736843,12071.481028151775,0.0,
dm_20251112_secano_m0_r2,26.148409893992934,2.351590106007066,0.08251193354410759,false,5595.0,5595.0,5133.345731820718,0.0,
dm_20251112_secano_m1_r2,25.689655172413794,1.210344827586205,0.04499423150878086,false,17003.631578947367,17003.631578947367,16238.566243194193,0.0,
dm_20251112_secano_m5_r2,22.645290581162325,1.254709418837674,0.05249830204341732,false,10622.92105263158,10622.921052631578,10065.23573462715,-1.8189894035458565e-12,
dm_20251112_secano_m3_r3,20.66420664206642,0.6357933579335793,0.029849453424111702,false,13945.894736842107,13945.894736842103,13529.617401437174,-3.637978807091713e-12,
dm_20251112_secano_m4_r3,23.112128146453088,1.387871853546912,0.056647830757016814,false,14700.0,14700.0,13867.276887871853,0.0,
dm_20251112_secano_m0_r3,28.49162011173184,1.7083798882681585,0.05656887047245558,false,10395.157894736842,10395.157894736842,9807.115554248749,0.0,
dm_20251112_secano_m1_r3,21.499013806706113,1.3009861932938875,0.057060797951486296,false,15048.000000000002,15048.000000000002,14189.349112426034,0.0,
dm_20251112_secano_m5_r3,23.9247311827957,1.6752688172043015,0.06544018817204303,false,10469.052631578947,10469.052631578948,9783.9558573854,1.8189894035458565e-12,
dm_20251112_secano_m2_r3,25.241157556270092,1.0588424437299082,0.04026016896311438,false,10990.631578947368,10990.63157894737,10548.146894567608,1.8189894035458565e-12,
dm_20251112_secano_m1_r4,20.544090056285178,0.35590994371482054,0.017029183909800027,false,13304.5,13304.5,13077.935222672066,0.0,
dm_20251112_secano_m0_r4,25.986842105263158,1.3131578947368432,0.04810102178523235,false,12378.394736842109,12378.394736842105,11782.981301939059,-3.637978807091713e-12,
dm_20251112_secano_m5_r4,25.0,1.1999999999999993,0.045801526717557224,false,13541.263157894738,13541.263157894737,12921.052631578947,-1.8189894035458565e-12,
dm_20251112_secano_m4_r4,21.08317214700193,0.716827852998069,0.032882011605416005,false,12288.315789473687,12288.315789473685,11884.251247073194,-1.8189894035458565e-12,
dm_20251112_secano_m3_r4,23.02325581395349,1.4767441860465098,0.06027527289985754,false,14732.236842105265,14732.236842105263,13844.247246022034,-1.8189894035458565e-12,
dm_20251112_secano_m2_r4,29.629629629629626,0.5296296296296248,0.01820033091510738,false,15530.210526315794,15530.21052631579,15812.86549707602,-3.637978807091713e-12,
dm_20251112_riego_m0_r1,28.249999999999996,1.850000000000005,0.061461794019933715,false,12032.07894736842,12032.07894736842,11292.565789473681,0.0,
dm_20251112_riego_m1_r1,20.4644412191582,0.6355587808418015,0.0301212692342086,false,14547.894736842107,14547.894736842107,14109.693682682757,0.0,
dm_20251112_riego_m2_r1,17.115384615384617,0.7846153846153818,0.04383326171035653,false,12200.263157894737,12200.263157894735,11665.485829959514,-1.8189894035458565e-12,
dm_20251112_riego_m3_r1,21.139705882352942,0.7602941176470566,0.03471662637657793,false,11583.947368421052,11583.947368421052,11181.791795665633,0.0,
dm_20251112_riego_m4_r1,19.73929236499069,0.4607076350093102,0.022807308663827238,false,13762.57894736842,13762.57894736842,13448.6915613055,0.0,
dm_20251112_riego_m5_r1,18.506493506493506,1.793506493506495,0.08835007357174852,false,10043.157894736843,10043.157894736843,9155.844155844155,0.0,
dm_20251112_riego_m3_r2,23.653846153846153,0.8461538461538467,0.03453689167974885,false,12133.947368421052,12133.947368421052,11714.87854251012,0.0,
dm_20251112_riego_m2_r2,21.84655396618986,0.5534460338101397,0.02470741222366695,false,13899.789473684212,13899.789473684208,13556.361645335708,-3.637978807091713e-12,
dm_20251112_riego_m4_r2,23.042836041358935,0.657163958641064,0.02772843707346262,false,13658.684210526317,13658.684210526313,13279.950244888438,-3.637978807091713e-12,
dm_20251112_riego_m0_r2,23.316062176165804,0.9839378238341965,0.04049126847054307,false,14957.289473684212,14957.28947368421,14351.649850013639,-1.8189894035458565e-12,
dm_20251112_riego_m1_r2,18.048780487804876,0.9512195121951237,0.05006418485237493,false,11905.0,11904.999999999998,11308.985879332478,-1.8189894035458565e-12,
dm_20251112_riego_m5_r2,18.633540372670808,1.5664596273291913,0.07754750630342531,false,10865.473684210527,10865.473684210527,10022.88329519451,0.0,
dm_20251112_riego_m3_r3,25.263157894736842,1.336842105263159,0.050257222002374397,false,14910.000000000002,14910.0,14160.6648199446,-1.8189894035458565e-12,
dm_20251112_riego_m4_r3,21.346153846153847,1.0538461538461519,0.04704670329670321,false,11606.736842105263,11606.736842105262,11060.678137651821,-1.8189894035458565e-12,
dm_20251112_riego_m0_r3,27.95031055900621,2.0496894409937916,0.06832298136645971,false,11431.57894736842,11431.578947368422,10650.539391958155,1.8189894035458565e-12,
dm_20251112_riego_m1_r3,19.734660033167494,0.5653399668325072,0.027849259449877203,false,15150.21052631579,15150.210526315792,14728.288382648163,1.8189894035458565e-12,
dm_20251112_riego_m5_r3,23.21167883211679,0.6883211678832097,0.028800048865406266,false,11534.894736842105,11534.894736842103,11202.689204763736,-1.8189894035458565e-12,
dm_20251112_riego_m2_r3,24.5,1.8000000000000007,0.0684410646387833,false,13918.236842105263,13918.236842105263,12965.657894736842,0.0,
dm_20251112_riego_m1_r4,21.630615640599,0.4693843594010012,0.021239111285113174,false,18313.92105263158,18313.92105263158,17924.94964532796,0.0,
dm_20251112_riego_m0_r4,26.0,2.1000000000000014,0.0747330960854093,false,7683.131578947369,7683.131578947368,7108.947368421052,-9.094947017729282e-13,
dm_20251112_riego_m5_r4,22.63698630136987,0.9630136986301316,0.04080566519619202,false,13669.368421052633,13669.368421052633,13111.58074981976,0.0,
dm_20251112_riego_m4_r4,28.095238095238095,9.895238095238096,0.5436944008372581,true,12692.105263157893,12692.105263157895,19592.731829573935,1.8189894035458565e-12,
dm_20251112_riego_m3_r4,23.04964539007092,1.650354609929078,0.06681597611048899,false,13234.0,13234.0,12349.757372153788,0.0,
dm_20251112_riego_m2_r4,15.142428785607196,9.857571214392804,0.3943028485757122,true,14822.368421052633,14822.368421052632,8977.866329992898,-1.8189894035458565e-12,
