sheet,cell,formula,cached_value
Manejo,G25,=+SUM(G14:G24),165
Manejo,H25,=+SUM(H14:H24),1176
Datos_MS,M6,=+(F6*(100/30))*(100/$K$3),2324.5614035087724
Datos_MS,M7,=+(F7*(100/30))*(100/$K$3),2324.5614035087724
Datos_MS,M8,=+(F8*(100/30))*(100/$K$3),2438.5964912280706
Datos_MS,M9,=+(F9*(100/30))*(100/$K$3),2403.508771929825
Datos_MS,M10,=+(F10*(100/30))*(100/$K$3),2043.8596491228075
Datos_MS,M11,=+(F11*(100/30))*(100/$K$3),2210.5263157894738
Datos_MS,M12,=+(F12*(100/30))*(100/$K$3),2631.5789473684213
Datos_MS,M13,=+(F13*(100/30))*(100/$K$3),2675.4385964912285
Datos_MS,M14,=+(F14*(100/30))*(100/$K$3),2307.0175438596493
Datos_MS,M15,=+(F15*(100/30))*(100/$K$3),2807.0175438596493
Datos_MS,L112,=+((G112*(100/$K$3))*(K112/100))*10,10222.5
Datos_MS,L113,=+((G113*(100/$K$3))*(K113/100))*10,13121.368421052632
Datos_MS,L114,=+((G114*(100/$K$3))*(K114/100))*10,13048.684210526319
Datos_MS,L115,=+((G115*(100/$K$3))*(K115/100))*10,14020.63157894737
Datos_MS,L116,=+((G116*(100/$K$3))*(K116/100))*10,9090.78947368421
Datos_MS,L117,=+((G117*(100/$K$3))*(K117/100))*10,10028.052631578948
Datos_MS,L118,=+((G118*(100/$K$3))*(K118/100))*10,12573.473684210527
Datos_MS,L119,=+((G119*(100/$K$3))*(K119/100))*10,15419.368421052632
Datos_MS,L120,=+((G120*(100/$K$3))*(K120/100))*10,12751.157894736843
Datos_MS,L121,=+((G121*(100/$K$3))*(K121/100))*10,5595
Datos_MS,L122,=+((G122*(100/$K$3))*(K122/100))*10,17003.631578947367
Datos_MS,L123,=+((G123*(100/$K$3))*(K123/100))*10,10622.92105263158
Datos_MS,L124,=+((G124*(100/$K$3))*(K124/100))*10,13945.894736842107
Datos_MS,L125,=+((G125*(100/$K$3))*(K125/100))*10,14700
Datos_MS,L126,=+((G126*(100/$K$3))*(K126/100))*10,10395.157894736842
Datos_MS,L127,=+((G127*(100/$K$3))*(K127/100))*10,15048.000000000002
Datos_MS,L128,=+((G128*(100/$K$3))*(K128/100))*10,10469.052631578947
Datos_MS,L129,=+((G129*(100/$K$3))*(K129/100))*10,10990.631578947368
Datos_MS,L130,=+((G130*(100/$K$3))*(K130/100))*10,13304.5
Datos_MS,L131,=+((G131*(100/$K$3))*(K131/100))*10,12378.394736842109
Datos_MS,L132,=+((G132*(100/$K$3))*(K132/100))*10,13541.263157894738
Datos_MS,L133,=+((G133*(100/$K$3))*(K133/100))*10,12288.315789473687
Datos_MS,L134,=+((G134*(100/$K$3))*(K134/100))*10,14732.236842105265
Datos_MS,L135,=+((G135*(100/$K$3))*(K135/100))*10,15530.210526315794
Datos_MS,L136,=+((G136*(100/$K$3))*(K136/100))*10,12032.07894736842
Datos_MS,L137,=+((G137*(100/$K$3))*(K137/100))*10,14547.894736842107
Datos_MS,L138,=+((G138*(100/$K$3))*(K138/100))*10,12200.263157894737
Datos_MS,L139,=+((G139*(100/$K$3))*(K139/100))*10,11583.947368421052
Datos_MS,L140,=+((G140*(100/$K$3))*(K140/100))*10,13762.57894736842
Datos_MS,L141,=+((G141*(100/$K$3))*(K141/100))*10,10043.157894736843
Datos_MS,L142,=+((G142*(100/$K$3))*(K142/100))*10,12133.947368421052
Datos_MS,L143,=+((G143*(100/$K$3))*(K143/100))*10,13899.789473684212
Datos_MS,L144,=+((G144*(100/$K$3))*(K144/100))*10,13658.684210526317
Datos_MS,L145,=+((G145*(100/$K$3))*(K145/100))*10,14957.289473684212
Datos_MS,L146,=+((G146*(100/$K$3))*(K146/100))*10,11905
Datos_MS,L147,=+((G147*(100/$K$3))*(K147/100))*10,10865.473684210527
Datos_MS,L148,=+((G148*(100/$K$3))*(K148/100))*10,14910.000000000002
Datos_MS,L149,=+((G149*(100/$K$3))*(K149/100))*10,11606.736842105263
Datos_MS,L150,=+((G150*(100/$K$3))*(K150/100))*10,11431.57894736842
Datos_MS,L151,=+((G151*(100/$K$3))*(K151/100))*10,15150.21052631579
Datos_MS,L152,=+((G152*(100/$K$3))*(K152/100))*10,11534.894736842105
Datos_MS,L153,=+((G153*(100/$K$3))*(K153/100))*10,13918.236842105263
Datos_MS,L154,=+((G154*(100/$K$3))*(K154/100))*10,18313.92105263158
Datos_MS,L155,=+((G155*(100/$K$3))*(K155/100))*10,7683.131578947369
Datos_MS,L156,=+((G156*(100/$K$3))*(K156/100))*10,13669.368421052633
Datos_MS,L157,=+((G157*(100/$K$3))*(K157/100))*10,12692.105263157893
Datos_MS,L158,=+((G158*(100/$K$3))*(K158/100))*10,13234
Datos_MS,L159,=+((G159*(100/$K$3))*(K159/100))*10,14822.368421052633
Datos_Rto,L6,=(+AVERAGE(I6:K6))*10,2.271
Datos_Rto,L7,=(+AVERAGE(I7:K7))*10,2.5283333333333333
Datos_Rto,L8,=(+AVERAGE(I8:K8))*10,2.4636666666666667
Datos_Rto,L9,=(+AVERAGE(I9:K9))*10,2.388333333333333
Datos_Rto,L10,=(+AVERAGE(I10:K10))*10,2.466666666666667
Datos_Rto,L11,=(+AVERAGE(I11:K11))*10,2.435666666666667
Datos_Rto,L12,=(+AVERAGE(I12:K12))*10,2.2616666666666667
Datos_Rto,L13,=(+AVERAGE(I13:K13))*10,2.5943333333333336
Datos_Rto,L14,=(+AVERAGE(I14:K14))*10,2.6489999999999996
Datos_Rto,L15,=(+AVERAGE(I15:K15))*10,2.533666666666667
Datos_Rto,L16,=(+AVERAGE(I16:K16))*10,2.5196666666666667
Datos_Rto,L17,=(+AVERAGE(I17:K17))*10,2.450333333333333
Datos_Rto,L18,=(+AVERAGE(I18:K18))*10,2.396
Datos_Rto,L19,=(+AVERAGE(I19:K19))*10,2.3346666666666662
Datos_Rto,L20,=(+AVERAGE(I20:K20))*10,2.3680000000000003
Datos_Rto,L21,=(+AVERAGE(I21:K21))*10,2.3803333333333336
Datos_Rto,L22,=(+AVERAGE(I22:K22))*10,2.545
Datos_Rto,L23,=(+AVERAGE(I23:K23))*10,2.2696666666666667
Datos_Rto,L24,=(+AVERAGE(I24:K24))*10,1.991333333333333
Datos_Rto,L25,=(+AVERAGE(I25:K25))*10,2.4516666666666667
Datos_Rto,L26,=(+AVERAGE(I26:K26))*10,2.586333333333333
Datos_Rto,L27,=(+AVERAGE(I27:K27))*10,2.3643333333333336
Datos_Rto,L28,=(+AVERAGE(I28:K28))*10,2.337666666666667
Datos_Rto,L29,=(+AVERAGE(I29:K29))*10,2.6143333333333336
Datos_Rto,L30,=(+AVERAGE(I30:K30))*10,2.316666666666667
Datos_Rto,L31,=(+AVERAGE(I31:K31))*10,2.3586666666666667
Datos_Rto,L32,=(+AVERAGE(I32:K32))*10,2.2186666666666666
Datos_Rto,L33,=(+AVERAGE(I33:K33))*10,2.193333333333333
Datos_Rto,L34,=(+AVERAGE(I34:K34))*10,2.2346666666666666
Datos_Rto,L35,=(+AVERAGE(I35:K35))*10,2.569666666666666
Datos_Rto,L36,=(+AVERAGE(I36:K36))*10,2.699333333333333
Datos_Rto,L37,=(+AVERAGE(I37:K37))*10,2.3033333333333337
Datos_Rto,L38,=(+AVERAGE(I38:K38))*10,2.6743333333333337
Datos_Rto,L39,=(+AVERAGE(I39:K39))*10,2.2016666666666667
Datos_Rto,L40,=(+AVERAGE(I40:K40))*10,2.15
Datos_Rto,L41,=(+AVERAGE(I41:K41))*10,2.1653333333333333
Datos_Rto,L42,=(+AVERAGE(I42:K42))*10,2.1123333333333334
Datos_Rto,L43,=(+AVERAGE(I43:K43))*10,2.0456666666666665
Datos_Rto,L44,=(+AVERAGE(I44:K44))*10,2.4166666666666665
Datos_Rto,L45,=(+AVERAGE(I45:K45))*10,2.2056666666666667
Datos_Rto,L46,=(+AVERAGE(I46:K46))*10,2.3409999999999997
Datos_Rto,L47,=(+AVERAGE(I47:K47))*10,2.482
Datos_Rto,L48,=(+AVERAGE(I48:K48))*10,2.2726666666666664
Datos_Rto,L49,=(+AVERAGE(I49:K49))*10,1.9736666666666667
Datos_Rto,L50,=(+AVERAGE(I50:K50))*10,2.597666666666667
Datos_Rto,L51,=(+AVERAGE(I51:K51))*10,2.392
Datos_Rto,L52,=(+AVERAGE(I52:K52))*10,2.123
Datos_Rto,L53,=(+AVERAGE(I53:K53))*10,2.0473333333333334
Calidad,L2,=+G2*(I2/100),45.9153655818747
Calidad,M2,=+I2/(4.8*(G2/1000)^(-0.32)),0.3521663481321398
Calidad,L3,=+G3*(I3/100),32.63715000886035
Calidad,M3,=+I3/(4.8*(G3/1000)^(-0.32)),0.33678341213607665
Calidad,L4,=+G4*(I4/100),56.61552264112207
Calidad,M4,=+I4/(4.8*(G4/1000)^(-0.32)),0.4110689671796758
Calidad,L5,=+G5*(I5/100),36.347676012371046
Calidad,M5,=+I5/(4.8*(G5/1000)^(-0.32)),0.33946224406198716
Calidad,L6,=+G6*(I6/100),50.37500313235369
Calidad,M6,=+I6/(4.8*(G6/1000)^(-0.32)),0.4314357352033806
Calidad,L7,=+G7*(I7/100),55.666991472591405
Calidad,M7,=+I7/(4.8*(G7/1000)^(-0.32)),0.38756896279412
Calidad,L8,=+G8*(I8/100),49.30934516836352
Calidad,M8,=+I8/(4.8*(G8/1000)^(-0.32)),0.42655676841449347
Calidad,L9,=+G9*(I9/100),36.58649934580468
Calidad,M9,=+I9/(4.8*(G9/1000)^(-0.32)),0.389697530888049
Calidad,L10,=+G10*(I10/100),54.83138953618536
Calidad,M10,=+I10/(4.8*(G10/1000)^(-0.32)),0.37163081372065027
Calidad,L11,=+G11*(I11/100),179.0784660713844
Calidad,M11,=+I11/(4.8*(G11/1000)^(-0.32)),0.9527386868093128
Calidad,L12,=+G12*(I12/100),152.22468565203877
Calidad,M12,=+I12/(4.8*(G12/1000)^(-0.32)),0.7411393043687369
Calidad,L13,=+G13*(I13/100),69.70627519320595
Calidad,M13,=+I13/(4.8*(G13/1000)^(-0.32)),0.5896426659475383
Calidad,L14,=+G14*(I14/100),146.2785534279553
Calidad,M14,=+I14/(4.8*(G14/1000)^(-0.32)),0.7960737836284237
Calidad,L15,=+G15*(I15/100),67.08808745741177
Calidad,M15,=+I15/(4.8*(G15/1000)^(-0.32)),0.6027198572420078
Calidad,L16,=+G16*(I16/100),146.08561529999835
Calidad,M16,=+I16/(4.8*(G16/1000)^(-0.32)),0.7998654254172408
Calidad,L17,=+G17*(I17/100),207.74793573091262
Calidad,M17,=+I17/(4.8*(G17/1000)^(-0.32)),0.821699360053842
Calidad,L18,=+G18*(I18/100),98.34193423274318
Calidad,M18,=+I18/(4.8*(G18/1000)^(-0.32)),0.6127991308346953
Calidad,L19,=+G19*(I19/100),37.91587321998764
Calidad,M19,=+I19/(4.8*(G19/1000)^(-0.32)),0.33015695336397316
Calidad,L20,=+G20*(I20/100),239.1765905004932
Calidad,M20,=+I20/(4.8*(G20/1000)^(-0.32)),1.068929553403967
Calidad,L21,=+G21*(I21/100),86.29976686895031
Calidad,M21,=+I21/(4.8*(G21/1000)^(-0.32)),0.665664397339255
Calidad,L22,=+G22*(I22/100),146.6854705012956
Calidad,M22,=+I22/(4.8*(G22/1000)^(-0.32)),0.8701326341377011
Calidad,L23,=+G23*(I23/100),129.51297995874083
Calidad,M23,=+I23/(4.8*(G23/1000)^(-0.32)),0.898174466163284
Calidad,L24,=+G24*(I24/100),54.25263052470033
Calidad,M24,=+I24/(4.8*(G24/1000)^(-0.32)),0.41130010568827097
Calidad,L25,=+G25*(I25/100),187.35631964612068
Calidad,M25,=+I25/(4.8*(G25/1000)^(-0.32)),0.8847198174438071
Calidad,L26,=+G26*(I26/100),73.42962801001387
Calidad,M26,=+I26/(4.8*(G26/1000)^(-0.32)),0.5792509592118317
Calidad,L27,=+G27*(I27/100),344.0179203199091
Calidad,M27,=+I27/(4.8*(G27/1000)^(-0.32)),1.120973330638437
Calidad,I28,=Estimacion_M1R4_16set!F16,
Calidad,J28,=Estimacion_M1R4_16set!F17,
Calidad,K28,=Estimacion_M1R4_16set!F18,
Calidad,L28,=Estimacion_M1R4_16set!C22,
Calidad,M28,=Estimacion_M1R4_16set!C25,
Calidad,L29,=+G29*(I29/100),57.5831599824799
Calidad,M29,=+I29/(4.8*(G29/1000)^(-0.32)),0.4129840613365919
Calidad,L30,=+G30*(I30/100),61.180873127304935
Calidad,M30,=+I30/(4.8*(G30/1000)^(-0.32)),0.5609984962777324
Calidad,L31,=+G31*(I31/100),116.20275670180715
Calidad,M31,=+I31/(4.8*(G31/1000)^(-0.32)),0.8031614729998079
Calidad,L32,=+G32*(I32/100),155.38470112295838
Calidad,M32,=+I32/(4.8*(G32/1000)^(-0.32)),0.8517551341579283
Calidad,L33,=+G33*(I33/100),174.1958975643713
Calidad,M33,=+I33/(4.8*(G33/1000)^(-0.32)),0.9353248459865249
Calidad,L34,=+G34*(I34/100),54.49768028299646
Calidad,M34,=+I34/(4.8*(G34/1000)^(-0.32)),0.3710646305473825
Calidad,L35,=+G35*(I35/100),207.88921960797094
Calidad,M35,=+I35/(4.8*(G35/1000)^(-0.32)),1.0327027772463695
Calidad,L36,=+G36*(I36/100),156.94437804771223
Calidad,M36,=+I36/(4.8*(G36/1000)^(-0.32)),0.8008623937453607
Calidad,L37,=+G37*(I37/100),121.91339962271594
Calidad,M37,=+I37/(4.8*(G37/1000)^(-0.32)),0.7360210902386516
Calidad,L38,=+G38*(I38/100),118.87817774238093
Calidad,M38,=+I38/(4.8*(G38/1000)^(-0.32)),0.6802357333916786
Calidad,L39,=+G39*(I39/100),87.4373318199174
Calidad,M39,=+I39/(4.8*(G39/1000)^(-0.32)),0.6699023947892655
Calidad,L40,=+G40*(I40/100),85.39309604132605
Calidad,M40,=+I40/(4.8*(G40/1000)^(-0.32)),0.5736179157259669
Calidad,L41,=+G41*(I41/100),204.43864743146597
Calidad,M41,=+I41/(4.8*(G41/1000)^(-0.32)),1.0422334208328108
Calidad,L42,=+G42*(I42/100),122.29308225073139
Calidad,M42,=+I42/(4.8*(G42/1000)^(-0.32)),0.7479703846858707
Calidad,L43,=+G43*(I43/100),63.761282958439885
Calidad,M43,=+I43/(4.8*(G43/1000)^(-0.32)),0.46803096223794916
Calidad,L44,=+G44*(I44/100),145.30965229924607
Calidad,M44,=+I44/(4.8*(G44/1000)^(-0.32)),0.7464378443362771
Calidad,L45,=+G45*(I45/100),82.76201889897519
Calidad,M45,=+I45/(4.8*(G45/1000)^(-0.32)),0.5590421631897046
Calidad,L46,=+G46*(I46/100),126.8945400137085
Calidad,M46,=+I46/(4.8*(G46/1000)^(-0.32)),0.7776843534154354
Calidad,L47,=+G47*(I47/100),142.15062069980107
Calidad,M47,=+I47/(4.8*(G47/1000)^(-0.32)),0.859048925935585
Calidad,L48,=+G48*(I48/100),75.96404772342312
Calidad,M48,=+I48/(4.8*(G48/1000)^(-0.32)),0.5447338340116757
Calidad,L49,=+G49*(I49/100),190.61497845762912
Calidad,M49,=+I49/(4.8*(G49/1000)^(-0.32)),0.9900159984601359
Calidad,L50,=+G50*(I50/100),168.3393693622214
Calidad,M50,=+I50/(4.8*(G50/1000)^(-0.32)),0.839986317671186
Calidad,L51,=+G51*(I51/100),168.8371643849742
Calidad,M51,=+I51/(4.8*(G51/1000)^(-0.32)),0.8472660638561502
Calidad,L52,=+G52*(I52/100),167.2867921242456
Calidad,M52,=+I52/(4.8*(G52/1000)^(-0.32)),0.9866349540592847
Calidad,L53,=+G53*(I53/100),52.17014433970275
Calidad,M53,=+I53/(4.8*(G53/1000)^(-0.32)),0.41888256611443186
Calidad,L54,=+G54*(I54/100),111.87987099929786
Calidad,M54,=+I54/(4.8*(G54/1000)^(-0.32)),0.7191145166785599
Calidad,L55,=+G55*(I55/100),125.1109420933848
Calidad,M55,=+I55/(4.8*(G55/1000)^(-0.32)),0.661875394249523
Calidad,L56,=+G56*(I56/100),113.88467034160861
Calidad,M56,=+I56/(4.8*(G56/1000)^(-0.32)),0.6012871137520663
Calidad,L57,=+G57*(I57/100),259.30190745443605
Calidad,M57,=+I57/(4.8*(G57/1000)^(-0.32)),1.1894133100711415
Calidad,L58,=+G58*(I58/100),57.52784764625441
Calidad,M58,=+I58/(4.8*(G58/1000)^(-0.32)),0.3565041875553296
Calidad,L59,=+G59*(I59/100),182.5090890112342
Calidad,M59,=+I59/(4.8*(G59/1000)^(-0.32)),0.5941469328136009
Calidad,L60,=+G60*(I60/100),258.64462023785876
Calidad,M60,=+I60/(4.8*(G60/1000)^(-0.32)),0.9567152185109689
Calidad,L61,=+G61*(I61/100),159.8050529250213
Calidad,M61,=+I61/(4.8*(G61/1000)^(-0.32)),0.6390356199446807
Calidad,L62,=+G62*(I62/100),158.27262065432902
Calidad,M62,=+I62/(4.8*(G62/1000)^(-0.32)),0.6967516218914348
Calidad,L63,=+G63*(I63/100),163.9512938023639
Calidad,M63,=+I63/(4.8*(G63/1000)^(-0.32)),0.7072954880640479
Calidad,L64,=+G64*(I64/100),269.8707007425983
Calidad,M64,=+I64/(4.8*(G64/1000)^(-0.32)),0.877146945646436
Calidad,L65,=+G65*(I65/100),217.97317530203784
Calidad,M65,=+I65/(4.8*(G65/1000)^(-0.32)),0.6732325769136255
Calidad,L66,=+G66*(I66/100),234.3910448997443
Calidad,M66,=+I66/(4.8*(G66/1000)^(-0.32)),0.837224793252462
Calidad,L67,=+G67*(I67/100),84.28278770891218
Calidad,M67,=+I67/(4.8*(G67/1000)^(-0.32)),0.43945440642365247
Calidad,L68,=+G68*(I68/100),180.38354665462987
Calidad,M68,=+I68/(4.8*(G68/1000)^(-0.32)),0.6494089875436656
Calidad,L69,=+G69*(I69/100),150.60152895959342
Calidad,M69,=+I69/(4.8*(G69/1000)^(-0.32)),0.688331331371877
Calidad,L70,=+G70*(I70/100),181.59509291793307
Calidad,M70,=+I70/(4.8*(G70/1000)^(-0.32)),0.7390446079527201
Calidad,L71,=+G71*(I71/100),236.86757951752855
Calidad,M71,=+I71/(4.8*(G71/1000)^(-0.32)),0.8394249685438054
Calidad,L72,=+G72*(I72/100),53.74643427196281
Calidad,M72,=+I72/(4.8*(G72/1000)^(-0.32)),0.3777935644368206
Calidad,L73,=+G73*(I73/100),153.79469882474885
Calidad,M73,=+I73/(4.8*(G73/1000)^(-0.32)),0.6550204929917988
Calidad,L74,=+G74*(I74/100),159.12553996890517
Calidad,M74,=+I74/(4.8*(G74/1000)^(-0.32)),0.7828546269517185
Calidad,L75,=+G75*(I75/100),149.31662854372507
Calidad,M75,=+I75/(4.8*(G75/1000)^(-0.32)),0.6547473430152142
Calidad,L76,=+G76*(I76/100),188.3999847526957
Calidad,M76,=+I76/(4.8*(G76/1000)^(-0.32)),0.7438991903625168
Calidad,L77,=+G77*(I77/100),81.18418255305352
Calidad,M77,=+I77/(4.8*(G77/1000)^(-0.32)),0.4161670748058829
Calidad,L78,=+G78*(I78/100),222.67846942721968
Calidad,M78,=+I78/(4.8*(G78/1000)^(-0.32)),0.8880061997836372
Calidad,L79,=+G79*(I79/100),195.48532874841604
Calidad,M79,=+I79/(4.8*(G79/1000)^(-0.32)),0.8023089619548147
Calidad,L80,=+G80*(I80/100),209.8362773480448
Calidad,M80,=+I80/(4.8*(G80/1000)^(-0.32)),0.6724106086809646
Calidad,L81,=+G81*(I81/100),186.96257048745343
Calidad,M81,=+I81/(4.8*(G81/1000)^(-0.32)),0.7067762278524621
Calidad,L82,=+G82*(I82/100),53.20580377640069
Calidad,M82,=+I82/(4.8*(G82/1000)^(-0.32)),0.34878888145460585
Calidad,L83,=+G83*(I83/100),213.6668776461709
Calidad,M83,=+I83/(4.8*(G83/1000)^(-0.32)),0.7593818897911638
Calidad,L84,=+G84*(I84/100),167.75235066954212
Calidad,M84,=+I84/(4.8*(G84/1000)^(-0.32)),0.6821620911821856
Calidad,L85,=+G85*(I85/100),165.48859059785676
Calidad,M85,=+I85/(4.8*(G85/1000)^(-0.32)),0.6848456826765436
Calidad,L86,=+G86*(I86/100),171.18203975939954
Calidad,M86,=+I86/(4.8*(G86/1000)^(-0.32)),0.7252102955200804
Calidad,L87,=+G87*(I87/100),189.94644140976652
Calidad,M87,=+I87/(4.8*(G87/1000)^(-0.32)),0.8704500390052089
Calidad,L88,=+G88*(I88/100),123.87406737054687
Calidad,M88,=+I88/(4.8*(G88/1000)^(-0.32)),0.50404196418406
Calidad,L89,=+G89*(I89/100),175.827291906983
Calidad,M89,=+I89/(4.8*(G89/1000)^(-0.32)),0.692502326142054
Calidad,L90,=+G90*(I90/100),190.48696840831204
Calidad,M90,=+I90/(4.8*(G90/1000)^(-0.32)),0.8015565840673988
Calidad,L91,=+G91*(I91/100),61.062946966848855
Calidad,M91,=+I91/(4.8*(G91/1000)^(-0.32)),0.37980210744040066
Calidad,L92,=+G92*(I92/100),215.43320325633178
Calidad,M92,=+I92/(4.8*(G92/1000)^(-0.32)),0.7765121478086398
Calidad,L93,=+G93*(I93/100),221.92888572439273
Calidad,M93,=+I93/(4.8*(G93/1000)^(-0.32)),0.9968553780209809
Calidad,L94,=+G94*(I94/100),203.0750799137369
Calidad,M94,=+I94/(4.8*(G94/1000)^(-0.32)),0.6755249701569871
Calidad,L95,=+G95*(I95/100),263.8856485210558
Calidad,M95,=+I95/(4.8*(G95/1000)^(-0.32)),0.8922887138486303
Calidad,L96,=+G96*(I96/100),61.9166353043449
Calidad,M96,=+I96/(4.8*(G96/1000)^(-0.32)),0.40195825051154477
Calidad,L97,=+G97*(I97/100),180.04222176304395
Calidad,M97,=+I97/(4.8*(G97/1000)^(-0.32)),0.7099367037289538
Calidad,L98,=+G98*(I98/100),175.3809803867128
Calidad,M98,=+I98/(4.8*(G98/1000)^(-0.32)),0.7985557330504178
Calidad,L99,=+G99*(I99/100),155.94932799438283
Calidad,M99,=+I99/(4.8*(G99/1000)^(-0.32)),0.5857868053504389
Calidad,L100,=+G100*(I100/100),236.39854946921454
Calidad,M100,=+I100/(4.8*(G100/1000)^(-0.32)),0.755597119920911
Calidad,L101,=+G101*(I101/100),68.33954902305162
Calidad,M101,=+I101/(4.8*(G101/1000)^(-0.32)),0.39148536857729654
Calidad,L102,=+G102*(I102/100),241.6142828758379
Calidad,M102,=+I102/(4.8*(G102/1000)^(-0.32)),0.8944869539695444
Calidad,L103,=+G103*(I103/100),186.41616817292746
Calidad,M103,=+I103/(4.8*(G103/1000)^(-0.32)),0.800720770612242
Calidad,L104,=+G104*(I104/100),127.1513777354264
Calidad,M104,=+I104/(4.8*(G104/1000)^(-0.32)),0.561692297618667
Calidad,L105,=+G105*(I105/100),195.32292268539038
Calidad,M105,=+I105/(4.8*(G105/1000)^(-0.32)),0.6732380836500443
Calidad,L106,=+G106*(I106/100),86.58798916495311
Calidad,M106,=+I106/(4.8*(G106/1000)^(-0.32)),0.3712936960407743
Calidad,L107,=+G107*(I107/100),152.89919345768803
Calidad,M107,=+I107/(4.8*(G107/1000)^(-0.32)),0.5532713081391178
Calidad,L108,=+G108*(I108/100),153.05106565938405
Calidad,M108,=+I108/(4.8*(G108/1000)^(-0.32)),0.5559167378476787
Calidad,L109,=+G109*(I109/100),134.70938286139435
Calidad,M109,=+I109/(4.8*(G109/1000)^(-0.32)),0.4659664588428668
Calidad,L110,=+G110*(I110/100),115.7991179613611
Calidad,M110,=+I110/(4.8*(G110/1000)^(-0.32)),0.5377927283981724
Calidad,L111,=+G111*(I111/100),132.20935033455206
Calidad,M111,=+I111/(4.8*(G111/1000)^(-0.32)),0.574372505516387
Calidad,L112,=+G112*(I112/100),140.44761764712896
Calidad,M112,=+I112/(4.8*(G112/1000)^(-0.32)),0.5231708656620817
Calidad,L113,=+G113*(I113/100),190.4318813827226
Calidad,M113,=+I113/(4.8*(G113/1000)^(-0.32)),0.6174661335966588
Calidad,L114,=+G114*(I114/100),182.29480812568153
Calidad,M114,=+I114/(4.8*(G114/1000)^(-0.32)),0.6726038028487251
Calidad,L115,=+G115*(I115/100),57.04923158366018
Calidad,M115,=+I115/(4.8*(G115/1000)^(-0.32)),0.3685568606528888
Calidad,L116,=+G116*(I116/100),170.07006619736535
Calidad,M116,=+I116/(4.8*(G116/1000)^(-0.32)),0.5159626879599278
Calidad,L117,=+G117*(I117/100),146.72889947022634
Calidad,M117,=+I117/(4.8*(G117/1000)^(-0.32)),0.6129549182877844
Calidad,L118,=+G118*(I118/100),160.04968966767592
Calidad,M118,=+I118/(4.8*(G118/1000)^(-0.32)),0.5556355937940328
Calidad,L119,=+G119*(I119/100),171.10783289031545
Calidad,M119,=+I119/(4.8*(G119/1000)^(-0.32)),0.5731296358805189
Calidad,L120,=+G120*(I120/100),83.72272020399058
Calidad,M120,=+I120/(4.8*(G120/1000)^(-0.32)),0.3549416399825746
Calidad,L121,=+G121*(I121/100),157.3516105722453
Calidad,M121,=+I121/(4.8*(G121/1000)^(-0.32)),0.5187336041444395
Calidad,L122,=+G122*(I122/100),113.84603513778077
Calidad,M122,=+I122/(4.8*(G122/1000)^(-0.32)),0.48032993372623306
Calidad,L123,=+G123*(I123/100),117.74984725456157
Calidad,M123,=+I123/(4.8*(G123/1000)^(-0.32)),0.4806442078510598
Calidad,L124,=+G124*(I124/100),181.73826448334097
Calidad,M124,=+I124/(4.8*(G124/1000)^(-0.32)),0.6514575470723761
Calidad,L125,=+G125*(I125/100),107.51090740179129
Calidad,M125,=+I125/(4.8*(G125/1000)^(-0.32)),0.4047618265212641
Calidad,L126,=+G126*(I126/100),149.9612214636818
Calidad,M126,=+I126/(4.8*(G126/1000)^(-0.32)),0.5311405887685158
Calidad,L127,=+G127*(I127/100),185.48826164221944
Calidad,M127,=+I127/(4.8*(G127/1000)^(-0.32)),0.7018113484459102
Calidad,L128,=+G128*(I128/100),172.04503264236635
Calidad,M128,=+I128/(4.8*(G128/1000)^(-0.32)),0.5754110397753537
Calidad,L129,=+G129*(I129/100),193.2872892573296
Calidad,M129,=+I129/(4.8*(G129/1000)^(-0.32)),0.6236794935039909
Calidad,L130,=+G130*(I130/100),106.62973873730316
Calidad,M130,=+I130/(4.8*(G130/1000)^(-0.32)),0.40926579579864997
Calidad,L131,=+G131*(I131/100),147.44327918396726
Calidad,M131,=+I131/(4.8*(G131/1000)^(-0.32)),0.49737006358199287
Calidad,L132,=+G132*(I132/100),153.02112463314867
Calidad,M132,=+I132/(4.8*(G132/1000)^(-0.32)),0.5818072076919899
Calidad,L133,=+G133*(I133/100),113.16841531323166
Calidad,M133,=+I133/(4.8*(G133/1000)^(-0.32)),0.44571938820290635
Calidad,L134,=+G134*(I134/100),191.26351459254667
Calidad,M134,=+I134/(4.8*(G134/1000)^(-0.32)),0.6700003271566454
Calidad,L135,=+G135*(I135/100),143.7398423459622
Calidad,M135,=+I135/(4.8*(G135/1000)^(-0.32)),0.6238269448452051
Calidad,L136,=+G136*(I136/100),111.4259009482782
Calidad,M136,=+I136/(4.8*(G136/1000)^(-0.32)),0.4252295964600385
Calidad,L137,=+G137*(I137/100),168.29724649165215
Calidad,M137,=+I137/(4.8*(G137/1000)^(-0.32)),0.5855853213523547
Calidad,L138,=+G138*(I138/100),161.08360512468295
Calidad,M138,=+I138/(4.8*(G138/1000)^(-0.32)),0.5671945846190038
Calidad,L139,=+G139*(I139/100),130.29230472442
Calidad,M139,=+I139/(4.8*(G139/1000)^(-0.32)),0.43129811273914487
Calidad,L140,=+G140*(I140/100),144.4617522015481
Calidad,M140,=+I140/(4.8*(G140/1000)^(-0.32)),0.5584903185286356
Calidad,L141,=+G141*(I141/100),119.0445891608424
Calidad,M141,=+I141/(4.8*(G141/1000)^(-0.32)),0.48972844667404153
Calidad,L142,=+G142*(I142/100),150.33633080896732
Calidad,M142,=+I142/(4.8*(G142/1000)^(-0.32)),0.49872129367397766
Calidad,L143,=+G143*(I143/100),148.0111075721864
Calidad,M143,=+I143/(4.8*(G143/1000)^(-0.32)),0.582170476489908
Calidad,L144,=+G144*(I144/100),97.58267164536045
Calidad,M144,=+I144/(4.8*(G144/1000)^(-0.32)),0.3878102086812904
Calidad,L145,=+G145*(I145/100),182.83363520241295
Calidad,M145,=+I145/(4.8*(G145/1000)^(-0.32)),0.5999708670685546
Calidad,L146,=+G146*(I146/100),129.3012438014118
Calidad,M146,=+I146/(4.8*(G146/1000)^(-0.32)),0.5107309691464766
Calidad,L147,=+G147*(I147/100),152.0026130399543
Calidad,M147,=+I147/(4.8*(G147/1000)^(-0.32)),0.5284118461064584
Calidad,L148,=+G148*(I148/100),180.91914090836704
Calidad,M148,=+I148/(4.8*(G148/1000)^(-0.32)),0.5218575485554579
Calidad,L149,=+G149*(I149/100),68.34893745502337
Calidad,M149,=+I149/(4.8*(G149/1000)^(-0.32)),0.35589714647198345
Calidad,L150,=+G150*(I150/100),195.6389496615062
Calidad,M150,=+I150/(4.8*(G150/1000)^(-0.32)),0.6885018949596896
Calidad,L151,=+G151*(I151/100),178.0570140690508
Calidad,M151,=+I151/(4.8*(G151/1000)^(-0.32)),0.6590448283780065
Calidad,L152,=+G152*(I152/100),142.53979028623965
Calidad,M152,=+I152/(4.8*(G152/1000)^(-0.32)),0.5127963313787424
Calidad,L153,=+G153*(I153/100),154.2454973088974
Calidad,M153,=+I153/(4.8*(G153/1000)^(-0.32)),0.5137446202635164
Estimacion_M1R4_16set,B4,=Calidad!A28,45916
Estimacion_M1R4_16set,B5,=Calidad!C28,Secano
Estimacion_M1R4_16set,B6,=Calidad!D28,M1
Estimacion_M1R4_16set,B7,=Calidad!E28,R4
Estimacion_M1R4_16set,B8,=Calidad!G28,7037
Estimacion_M1R4_16set,C16,"=SUMIFS(Calidad!$I:$I,Calidad!$A:$A,$B$4,Calidad!$C:$C,$B$5,Calidad!$E:$E,$B$7)-Calidad!$I$28",
Estimacion_M1R4_16set,D16,"=SUMIFS(Calidad!$I:$I,Calidad!$A:$A,$B$4,Calidad!$C:$C,$B$5,Calidad!$D:$D,$B$6)-Calidad!$I$28",
Estimacion_M1R4_16set,E16,"=SUMIFS(Calidad!$I:$I,Calidad!$A:$A,$B$4,Calidad!$C:$C,$B$5)-Calidad!$I$28",
Estimacion_M1R4_16set,F16,=($B$9*C16+$B$10*D16-E16)/(($B$9-1)*($B$10-1)),
Estimacion_M1R4_16set,C17,"=SUMIFS(Calidad!$J:$J,Calidad!$A:$A,$B$4,Calidad!$C:$C,$B$5,Calidad!$E:$E,$B$7)-Calidad!$J$28",
Estimacion_M1R4_16set,D17,"=SUMIFS(Calidad!$J:$J,Calidad!$A:$A,$B$4,Calidad!$C:$C,$B$5,Calidad!$D:$D,$B$6)-Calidad!$J$28",
Estimacion_M1R4_16set,E17,"=SUMIFS(Calidad!$J:$J,Calidad!$A:$A,$B$4,Calidad!$C:$C,$B$5)-Calidad!$J$28",
Estimacion_M1R4_16set,F17,=($B$9*C17+$B$10*D17-E17)/(($B$9-1)*($B$10-1)),
Estimacion_M1R4_16set,C18,"=SUMIFS(Calidad!$K:$K,Calidad!$A:$A,$B$4,Calidad!$C:$C,$B$5,Calidad!$E:$E,$B$7)-Calidad!$K$28",
Estimacion_M1R4_16set,D18,"=SUMIFS(Calidad!$K:$K,Calidad!$A:$A,$B$4,Calidad!$C:$C,$B$5,Calidad!$D:$D,$B$6)-Calidad!$K$28",
Estimacion_M1R4_16set,E18,"=SUMIFS(Calidad!$K:$K,Calidad!$A:$A,$B$4,Calidad!$C:$C,$B$5)-Calidad!$K$28",
Estimacion_M1R4_16set,F18,=($B$9*C18+$B$10*D18-E18)/(($B$9-1)*($B$10-1)),
Estimacion_M1R4_16set,C22,=$B$8*$F$16/100,
Estimacion_M1R4_16set,C23,=$B$8/1000,7.037
Estimacion_M1R4_16set,C24,=$B$11*C23^$B$12,2.5708528604174288
Estimacion_M1R4_16set,C25,=$F$16/C24,
Estimacion_M1R4_16set,B29,"=($B$9*(SUMIFS(Calidad!$L:$L,Calidad!$A:$A,$B$4,Calidad!$C:$C,$B$5,Calidad!$E:$E,$B$7)-Calidad!$L$28)+$B$10*(SUMIFS(Calidad!$L:$L,Calidad!$A:$A,$B$4,Calidad!$C:$C,$B$5,Calidad!$D:$D,$B$6)-Calidad!$L$28)-(SUMIFS(Calidad!$L:$L,Calidad!$A:$A,$B$4,Calidad!$C:$C,$B$5)-Calidad!$L$28))/(($B$9-1)*($B$10-1))",
Estimacion_M1R4_16set,B30,"=($B$9*(SUMIFS(Calidad!$M:$M,Calidad!$A:$A,$B$4,Calidad!$C:$C,$B$5,Calidad!$E:$E,$B$7)-Calidad!$M$28)+$B$10*(SUMIFS(Calidad!$M:$M,Calidad!$A:$A,$B$4,Calidad!$C:$C,$B$5,Calidad!$D:$D,$B$6)-Calidad!$M$28)-(SUMIFS(Calidad!$M:$M,Calidad!$A:$A,$B$4,Calidad!$C:$C,$B$5)-Calidad!$M$28))/(($B$9-1)*($B$10-1))",
