sample_id,date,sector,treatment,block,lab_registration,n_pct,adf_pct,ndf_pct,measurement_status,data_origin
1,2025-06-12,Riego,GENERAL,R1,261317,1.056254096661484,27.55402873636556,56.12625115996776,measured,Medido
2,2025-06-12,Riego,GENERAL,R2,261318,1.161464413126703,25.02829752367079,46.26741010588113,measured,Medido
3,2025-06-12,Riego,GENERAL,R3,261319,1.201517882876105,25.27295884923526,46.67870950833421,measured,Medido
4,2025-06-12,Riego,GENERAL,R4,261320,1.117015243158299,26.08022760378733,47.1703333682776,measured,Medido
5,2025-06-12,Secano,GENERAL,R1,261321,1.362960041459786,23.93099235251275,44.69204738442185,measured,Medido
6,2025-06-12,Secano,GENERAL,R2,261322,1.110674211344601,26.94586576879683,54.00853735397182,measured,Medido
7,2025-06-12,Secano,GENERAL,R3,261323,1.353908434057208,26.35502731245447,47.92727120243212,measured,Medido
8,2025-06-12,Secano,GENERAL,R4,261324,1.364149863751107,26.58994391063623,54.31064886975585,measured,Medido
9,2025-09-16,Secano,M0,R1,261325,1.051618518147015,28.23544352578158,56.03301225553062,measured,Medido
10,2025-09-16,Secano,M1,R1,261326,2.405675256198071,29.97526584122359,51.11100115316071,measured,Medido
11,2025-09-16,Secano,M2,R1,261327,1.794890763495328,31.91856518572469,54.49011950938254,measured,Medido
12,2025-09-16,Secano,M3,R1,261328,1.85192016985138,32.13048798252003,53.61935213334731,measured,Medido
13,2025-09-16,Secano,M4,R1,261329,2.031646575388268,28.43270939548434,49.09964252018032,measured,Medido
14,2025-09-16,Secano,M5,R1,261330,1.947404570607018,32.56981245447924,54.11714959639374,measured,Medido
15,2025-09-16,Secano,M3,R2,261331,2.047163891535851,30.84303495561869,61.21009225202022,measured,Medido
16,2025-09-16,Secano,M2,R2,261332,1.804620706488122,29.67630917698471,51.0004444910368,measured,Medido
17,2025-09-16,Secano,M4,R2,261333,1.666812444622766,30.73995630007283,52.20555194464828,measured,Medido
18,2025-09-16,Secano,M0,R2,261334,1.051174749653109,27.58569009468318,48.28363140790439,measured,Medido
19,2025-09-16,Secano,M1,R2,261335,2.486501616597289,32.80936088856519,55.32531292588322,measured,Medido
20,2025-09-16,Secano,M5,R2,261336,2.00185031011251,30.31055353241078,52.5333106195618,measured,Medido
21,2025-09-16,Secano,M3,R3,261337,2.312556684554558,31.9890750182083,53.93146975573959,measured,Medido
22,2025-09-16,Secano,M4,R3,261338,2.569192222946654,31.26679533867443,53.38913932278017,measured,Medido
23,2025-09-16,Secano,M0,R3,261339,1.226879930454553,26.34516387472688,46.86250235873781,measured,Medido
24,2025-09-16,Secano,M1,R3,261340,2.112009014159854,32.3198543335761,55.18341125904183,measured,Medido
25,2025-09-16,Secano,M5,R3,261341,1.760480172860558,29.00568491771242,58.1857270744406,measured,Medido
26,2025-09-16,Secano,M2,R3,261342,2.24730807629938,29.46752367079388,50.39613062165846,measured,Medido
27,2025-09-16,Secano,M1,R4,,,,,estimated,Estimado por modelo
28,2025-09-16,Secano,M0,R4,261343,1.200149228480198,29.01329686457403,57.36571241985477,measured,Medido
29,2025-09-16,Secano,M5,R4,261344,1.830118849156594,31.6028932993445,53.50414089527204,measured,Medido
30,2025-09-16,Secano,M4,R4,261345,2.293777274019091,31.87163146394756,53.25141419436,measured,Medido
31,2025-09-16,Secano,M3,R4,261346,2.181144035976395,31.24372906045157,53.481123807527,measured,Medido
32,2025-09-16,Secano,M2,R4,261347,2.371948496246886,31.63783685360524,53.22848935947164,measured,Medido
33,2025-09-16,Riego,M0,R1,261348,1.052281913168497,27.08489439184268,47.27336303595765,measured,Medido
34,2025-09-16,Riego,M1,R1,261349,2.524765844158015,33.66440416937859,63.96210391643476,measured,Medido
35,2025-09-16,Riego,M2,R1,261350,1.982872748549744,31.02532592862345,53.19411783205788,measured,Medido
36,2025-09-16,Riego,M3,R1,261351,1.97238957487002,31.04825382374363,52.62403711080827,measured,Medido
37,2025-09-16,Riego,M4,R1,261352,1.777484715047562,30.80823743627094,52.0929405598071,measured,Medido
38,2025-09-16,Riego,M5,R1,261353,2.008206977949412,31.30142206846322,52.60134290806164,measured,Medido
39,2025-09-16,Riego,M3,R2,261354,1.616375090693281,29.86423160961399,51.4773257154838,measured,Medido
40,2025-09-16,Riego,M2,R2,261355,2.579342006453015,32.26057720320466,53.41212286403186,measured,Medido
41,2025-09-16,Riego,M4,R2,261356,2.01670650149623,29.61023488710852,50.00401404759409,measured,Medido
42,2025-09-16,Riego,M0,R2,261357,1.375054624939398,31.60753104559947,59.94441512648573,measured,Medido
43,2025-09-16,Riego,M1,R2,261358,1.85391237942391,31.22067734887109,52.88562323094663,measured,Medido
44,2025-09-16,Riego,M5,R2,261359,1.579427841583496,30.80823743627094,52.30708145507915,measured,Medido
45,2025-09-16,Riego,M3,R3,261360,2.09881806175502,30.6831554989075,51.41055142048432,measured,Medido
46,2025-09-16,Riego,M4,R3,261361,2.303153284183426,29.68733430444282,50.51648600482231,measured,Medido
47,2025-09-16,Riego,M0,R3,261362,1.582914101342428,28.25295884923525,48.62124331690952,measured,Medido
48,2025-09-16,Riego,M1,R3,261363,2.47166725178461,32.34359067734887,54.26840968654995,measured,Medido
49,2025-09-16,Riego,M5,R3,261364,2.057938500760653,31.20710229608481,61.38834988438413,measured,Medido
50,2025-09-16,Riego,M2,R3,261365,2.081325990939031,31.77793882010197,52.88562323094663,measured,Medido
51,2025-09-16,Riego,M1,R4,261366,2.615081946603808,31.55635287691187,53.26287975678792,measured,Medido
52,2025-09-16,Riego,M0,R4,261367,1.283714181587174,25.16914785142025,44.84870950833421,measured,Medido
53,2025-09-16,Riego,M5,R4,261368,1.98474136951034,32.50007273287702,62.25280423997313,measured,Medido
54,2025-09-16,Riego,M4,R4,261369,1.666812444622766,29.57724690458849,50.81297934794003,measured,Medido
55,2025-09-16,Riego,M3,R4,261370,1.512814430680242,28.75248361252731,49.17444176538421,measured,Medido
56,2025-09-16,Riego,M2,R4,261371,2.800841514953943,32.53030419979438,59.93103225095806,measured,Medido
57,2025-10-20,Secano,M0,R1,261372,0.967179684705017,33.14717589220685,48.70598175909425,measured,Medido
58,2025-10-20,Secano,M1,R1,261373,1.190613145092532,37.48590736825608,66.28379998135482,measured,Medido
59,2025-10-20,Secano,M2,R1,261374,2.035930574920173,35.79756190823015,51.7228105671454,measured,Medido
60,2025-10-20,Secano,M3,R1,261375,1.410708447431332,38.54336489439184,54.11714959639374,measured,Medido
61,2025-10-20,Secano,M4,R1,261376,1.60927931524483,37.82547159504734,53.8041262186812,measured,Medido
62,2025-10-20,Secano,M5,R1,261377,1.618153314275206,35.5021048798252,51.04464199601635,measured,Medido
63,2025-10-20,Secano,M3,R2,261378,1.756398963505358,38.36633102694829,54.66568822727749,measured,Medido
64,2025-10-20,Secano,M2,R2,261379,1.316104186100941,37.06763362728995,66.07737759773407,measured,Medido
65,2025-10-20,Secano,M4,R2,261380,1.752587445040708,38.62528040786599,54.71258622497117,measured,Medido
66,2025-10-20,Secano,M0,R2,261381,1.099149552802715,34.55204115076475,43.47495649439145,measured,Medido
67,2025-10-20,Secano,M1,R2,261382,1.364474634301285,39.06437727603787,48.78252332529616,measured,Medido
68,2025-10-20,Secano,M5,R2,261383,1.618153314275206,37.73142024763292,46.9768749344795,measured,Medido
69,2025-10-20,Secano,M3,R3,261384,1.64503209455506,38.08165331391115,54.04745675647342,measured,Medido
70,2025-10-20,Secano,M4,R3,261385,1.75068425364027,36.38120174799709,52.29579201174128,measured,Medido
71,2025-10-20,Secano,M0,R3,261386,1.087544198137653,34.16764981915462,62.55237946893578,measured,Medido
72,2025-10-20,Secano,M1,R3,261387,1.489537034622265,38.66628732702112,54.71258622497117,measured,Medido
73,2025-10-20,Secano,M5,R3,261388,1.905238744838424,34.04014365125765,62.07360622324101,measured,Medido
74,2025-10-20,Secano,M2,R3,261389,1.509468545731147,35.91369992716679,50.96731837718838,measured,Medido
75,2025-10-20,Secano,M1,R4,261390,1.632440730895899,39.20235979606701,55.62191110179265,measured,Medido
76,2025-10-20,Secano,M0,R4,261391,1.032614888744003,32.77333576110706,47.88550581821993,measured,Medido
77,2025-10-20,Secano,M5,R4,261392,1.957785031011251,38.28483066278223,54.10552888143411,measured,Medido
78,2025-10-20,Secano,M4,R4,261393,1.792949910560543,37.90622906045157,53.4926313030716,measured,Medido
79,2025-10-20,Secano,M3,R4,261394,1.337473882006787,37.83892206846323,53.25141419436,measured,Medido
80,2025-10-20,Secano,M2,R4,261395,1.519526743233529,37.62415149308084,53.58476674703847,measured,Medido
81,2025-10-20,Riego,M0,R1,261396,0.9716180382834312,33.77000531757088,62.19562340949675,measured,Medido
82,2025-10-20,Riego,M1,R1,261397,1.58588939097581,37.70686203585146,66.1421167240756,measured,Medido
83,2025-10-20,Riego,M2,R1,261398,1.51784609726332,37.96014020393299,53.75788237760771,measured,Medido
84,2025-10-20,Riego,M3,R1,261399,1.536427356771486,35.51491077931536,44.61994863193206,measured,Medido
85,2025-10-20,Riego,M4,R1,261400,1.64503209455506,39.67422432629279,48.42067407485062,measured,Medido
86,2025-10-20,Riego,M5,R1,261401,2.048823658826087,37.53048252002913,46.86350770521018,measured,Medido
87,2025-10-20,Riego,M3,R2,261402,1.121844478994266,36.12089584850692,45.38284516196667,measured,Medido
88,2025-10-20,Riego,M2,R2,261403,1.51784609726332,38.4888273852877,47.93497117098229,measured,Medido
89,2025-10-20,Riego,M4,R2,261404,1.812435474865005,38.00061179898033,53.74632665897893,measured,Medido
90,2025-10-20,Riego,M0,R2,261405,1.032166108296972,34.25619360701776,62.65758293020191,measured,Medido
91,2025-10-20,Riego,M1,R2,261406,1.632440730895899,38.40713037144938,47.73564943914457,measured,Medido
92,2025-10-20,Riego,M5,R2,261407,2.324349452496782,37.33036416605973,46.31065730160394,measured,Medido
93,2025-10-20,Riego,M3,R3,261408,1.36750895564806,38.02761107064822,47.41206520599644,measured,Medido
94,2025-10-20,Riego,M4,R3,261409,1.820277633448685,36.76123270211217,46.46361358632981,measured,Medido
95,2025-10-20,Riego,M0,R3,261410,1.114610896567865,34.35201201747997,43.25517978823776,measured,Medido
96,2025-10-20,Riego,M1,R3,261411,1.556919939147734,38.53041545645426,67.6702790940207,measured,Medido
97,2025-10-20,Riego,M5,R3,261412,1.873928628985071,37.51711580480699,46.75039417129678,measured,Medido
98,2025-10-20,Riego,M2,R3,261413,1.255630660180216,37.0515750182083,46.55561379599538,measured,Medido
99,2025-10-20,Riego,M1,R4,261414,1.501133791397095,39.56281864530226,48.80388405493238,measured,Medido
100,2025-10-20,Riego,M0,R4,261415,1.023506799806075,34.74298984042825,62.98881822636826,measured,Medido
101,2025-10-20,Riego,M5,R4,261416,1.90427398231272,37.91970138383103,47.82997064681832,measured,Medido
102,2025-10-20,Riego,M4,R4,261417,1.828147182239163,39.28532410779316,49.24362721459272,measured,Medido
103,2025-10-20,Riego,M3,R4,261418,1.299451995252186,36.9061835396941,46.02640109026103,measured,Medido
104,2025-10-20,Riego,M2,R4,261419,1.385858682314392,36.13387654770576,45.39283467868749,measured,Medido
105,2025-11-12,Secano,M0,R1,261420,0.8470333985321898,33.83137108521486,43.59966872837824,measured,Medido
106,2025-11-12,Secano,M1,R1,261421,1.165268656067673,37.74484522942463,47.17328860467554,measured,Medido
107,2025-11-12,Secano,M2,R1,261422,1.172923362923584,38.83064275309541,48.75049795576056,measured,Medido
108,2025-11-12,Secano,M3,R1,261423,0.9607939706772322,36.39700675993844,66.26152919777242,measured,Medido
109,2025-11-12,Secano,M4,R1,261424,1.273807058194159,36.34206300072833,46.12773246671559,measured,Medido
110,2025-11-12,Secano,M5,R1,261425,1.31839505826103,34.67926597027112,63.93316791493987,measured,Medido
111,2025-11-12,Secano,M3,R2,261426,1.117015243158299,37.07805717407138,47.15257783834785,measured,Medido
112,2025-11-12,Secano,M2,R2,261427,1.235017389705268,35.73316824471959,45.8647069923472,measured,Medido
113,2025-11-12,Secano,M4,R2,261428,1.42963336844041,36.39425528040787,46.83263339972744,measured,Medido
114,2025-11-12,Secano,M0,R2,261429,1.019646677098484,36.16324275771051,66.61445371289658,measured,Medido
115,2025-11-12,Secano,M1,R2,261430,1.000198489409365,36.88247152464457,65.11591265148525,measured,Medido
116,2025-11-12,Secano,M5,R2,261431,1.381248140160824,37.37032228696285,46.90470279903554,measured,Medido
117,2025-11-12,Secano,M3,R3,261432,1.147647337713359,37.57060451565913,47.78802914351609,measured,Medido
118,2025-11-12,Secano,M4,R3,261433,1.163998863199425,34.52698652585579,43.92751441450886,measured,Medido
119,2025-11-12,Secano,M0,R3,261434,0.8054011401441062,33.26851602330663,43.25517978823776,measured,Medido
120,2025-11-12,Secano,M1,R3,261435,1.045664610395038,38.58430626365623,48.53747772303176,measured,Medido
121,2025-11-12,Secano,M5,R3,261436,1.087453078556263,35.65601602330663,45.25317224027676,measured,Medido
122,2025-11-12,Secano,M2,R3,261437,1.071365611782604,34.55204115076475,43.80187545864347,measured,Medido
123,2025-11-12,Secano,M1,R4,261438,1.365990939030711,34.40193190094684,44.91570290386834,measured,Medido
124,2025-11-12,Secano,M0,R4,261439,0.8685367504221208,37.98190064680661,67.69552443895091,measured,Medido
125,2025-11-12,Secano,M5,R4,261440,1.107438942106759,34.70267479970867,44.92559387776497,measured,Medido
126,2025-11-12,Secano,M4,R4,261441,1.509468545731147,36.19883466860889,45.96570290386833,measured,Medido
127,2025-11-12,Secano,M3,R4,261442,1.167813377467944,36.84024217042972,46.77094139846944,measured,Medido
128,2025-11-12,Secano,M2,R4,261443,1.244588983065015,36.26388383102694,46.30047698920221,measured,Medido
129,2025-11-12,Riego,M0,R1,261444,0.8862120935520004,34.21503277494537,43.14095397840445,measured,Medido
130,2025-11-12,Riego,M1,R1,261445,1.013502516007155,37.18413146394756,46.6682891288395,measured,Medido
131,2025-11-12,Riego,M2,R1,261446,1.254244458933079,39.81380917698471,49.80641996016355,measured,Medido
132,2025-11-12,Riego,M3,R1,261447,0.9769417255964026,37.97362709395485,47.4641199287137,measured,Medido
133,2025-11-12,Riego,M4,R1,261448,1.389736003142919,38.22524889078577,68.0413290521053,measured,Medido
134,2025-11-12,Riego,M5,R1,261449,1.431221572462678,40.00983976693372,50.11181046231261,measured,Medido
135,2025-11-12,Riego,M3,R2,261450,0.9182988648711905,36.73492534595776,46.35139951776916,measured,Medido
136,2025-11-12,Riego,M2,R2,261451,1.210789895849006,38.21701383831028,47.90344899884684,measured,Medido
137,2025-11-12,Riego,M4,R2,261452,1.179349362221442,34.98019847050255,44.49237446273194,measured,Medido
138,2025-11-12,Riego,M0,R2,261453,0.8710956952037048,36.43343772760379,46.3208397106615,measured,Medido
139,2025-11-12,Riego,M1,R2,261454,1.213454449404016,38.05462490895849,48.44189223189014,measured,Medido
140,2025-11-12,Riego,M5,R2,261455,1.095622635705569,37.83892206846323,47.48495649439145,measured,Medido
141,2025-11-12,Riego,M3,R3,261456,1.008291957135931,36.4988146394756,45.70354963832686,measured,Medido
142,2025-11-12,Riego,M4,R3,261457,1.275217225872244,36.82706482155863,46.4942614529825,measured,Medido
143,2025-11-12,Riego,M0,R3,261458,0.8536237390708327,34.06610342316097,43.50370479085858,measured,Medido
144,2025-11-12,Riego,M1,R3,261459,1.206805904675928,36.52499089584851,46.08717475626376,measured,Medido
145,2025-11-12,Riego,M5,R3,261460,1.120957293077219,37.37037099810458,64.94270360318878,measured,Medido
146,2025-11-12,Riego,M2,R3,261461,1.092111125599746,36.2118372177713,45.88488940140476,measured,Medido
147,2025-11-12,Riego,M1,R4,261462,0.9878776936322451,38.39352694828843,48.06124855854912,measured,Medido
148,2025-11-12,Riego,M0,R4,261463,0.889597382951335,36.76574915504624,65.21562973682741,measured,Medido
149,2025-11-12,Riego,M5,R4,261464,1.431221572462678,36.15984887108522,45.78406122235035,measured,Medido
150,2025-11-12,Riego,M4,R4,261465,1.402895818914355,39.75793153678078,49.74119299716952,measured,Medido
151,2025-11-12,Riego,M3,R4,261466,1.07707261815203,37.22396941005098,46.85321417339345,measured,Medido
152,2025-11-12,Riego,M2,R4,261467,1.040626524232242,34.0844188331661,61.49799903910774,measured,Medido
