sample_id,estimated_n_pct,estimated_adf_pct,estimated_ndf_pct,n_accumulated_kg_ha,critical_n_pct,nni,calculation_status
1,,,,45.91536558187471,2.999304454453884,0.35216634813213976,from_measured_quality
2,,,,32.63715000886035,3.4486983956840946,0.33678341213607665,from_measured_quality
3,,,,56.61552264112207,2.9229107006536177,0.4110689671796758,from_measured_quality
4,,,,36.347676012371046,3.2905433894272127,0.33946224406198716,from_measured_quality
5,,,,50.37500313235368,3.159126447458695,0.4314357352033806,from_measured_quality
6,,,,55.666991472591405,2.865746016753671,0.38756896279412,from_measured_quality
7,,,,49.309345168363514,3.174040442705129,0.42655676841449347,from_measured_quality
8,,,,36.58649934580469,3.5005350448140136,0.389697530888049,from_measured_quality
9,,,,54.83138953618536,2.8297398367442748,0.3716308137206503,from_measured_quality
10,,,,179.07846607138444,2.525010571633855,0.9527386868093128,from_measured_quality
11,,,,152.22468565203877,2.421799455129587,0.7411393043687369,from_measured_quality
12,,,,69.70627519320595,3.14074994365511,0.5896426659475383,from_measured_quality
13,,,,146.2785534279553,2.552083258072171,0.7960737836284237,from_measured_quality
14,,,,67.08808745741176,3.231027727405842,0.6027198572420078,from_measured_quality
15,,,,146.08561529999832,2.5593853996976694,0.7998654254172408,from_measured_quality
16,,,,207.7479357309126,2.1962055640032063,0.821699360053842,from_measured_quality
17,,,,98.34193423274318,2.7199980560553283,0.6127991308346953,from_measured_quality
18,,,,37.91587321998764,3.1838637319089504,0.33015695336397316,from_measured_quality
19,,,,239.17659050049323,2.3261604178489734,1.0689295534039671,from_measured_quality
20,,,,86.2997668689503,3.0072966469502647,0.665664397339255,from_measured_quality
21,,,,146.6854705012956,2.6577059563411214,0.8701326341377011,from_measured_quality
22,,,,129.51297995874083,2.8604600996078493,0.898174466163284,from_measured_quality
23,,,,54.252630524700336,2.98293123071653,0.41130010568827097,from_measured_quality
24,,,,187.35631964612068,2.3872066303002173,0.8847198174438071,from_measured_quality
25,,,,73.42962801001387,3.0392356626495487,0.5792509592118317,from_measured_quality
26,,,,344.0179203199091,2.004782821210789,1.1209733306384366,from_measured_quality
27,2.8688484862162937,40.77623836505554,69.57708690222144,201.8808679750406,2.5708528604174288,1.1159131393270323,from_dbca_estimate
28,,,,57.5831599824799,2.9060424864727357,0.4129840613365918,from_measured_quality
29,,,,61.18087312730494,3.2622526821365323,0.5609984962777325,from_measured_quality
30,,,,116.20275670180713,2.8559353892459924,0.8031614729998079,from_measured_quality
31,,,,155.38470112295838,2.5607641779966985,0.8517551341579283,from_measured_quality
32,,,,174.1958975643713,2.53596224501563,0.9353248459865249,from_measured_quality
33,,,,54.49768028299646,2.8358453663886127,0.3710646305473825,from_measured_quality
34,,,,207.88921960797094,2.444813648017998,1.0327027772463697,from_measured_quality
35,,,,156.94437804771223,2.475921911224378,0.8008623937453607,from_measured_quality
36,,,,121.91339962271593,2.679800349512378,0.7360210902386516,from_measured_quality
37,,,,118.87817774238094,2.6130422554912873,0.6802357333916786,from_measured_quality
38,,,,87.4373318199174,2.9977605597023484,0.6699023947892655,from_measured_quality
39,,,,85.39309604132605,2.8178601929606883,0.5736179157259669,from_measured_quality
40,,,,204.43864743146597,2.474821815243611,1.0422334208328108,from_measured_quality
41,,,,122.29308225073139,2.696238437760069,0.7479703846858707,from_measured_quality
42,,,,63.761282958439885,2.9379565368162837,0.46803096223794916,from_measured_quality
43,,,,145.30965229924607,2.4836795099428337,0.7464378443362771,from_measured_quality
44,,,,82.76201889897519,2.8252392137505646,0.5590421631897046,from_measured_quality
45,,,,126.89454001370851,2.6988045375188885,0.7776843534154354,from_measured_quality
46,,,,142.15062069980107,2.6810501877702437,0.8590489259355849,from_measured_quality
47,,,,75.96404772342312,2.905848696206559,0.5447338340116757,from_measured_quality
48,,,,190.61497845762915,2.496593242562771,0.9900159984601359,from_measured_quality
49,,,,168.33936936222142,2.4499666928696766,0.8399863176711859,from_measured_quality
50,,,,168.83716438497422,2.4565199525003054,0.8472660638561502,from_measured_quality
51,,,,167.2867921242456,2.650506082157995,0.9866349540592847,from_measured_quality
52,,,,52.170144339702745,3.0646159220588904,0.4188825661144319,from_measured_quality
53,,,,111.87987099929788,2.7599795630290527,0.7191145166785599,from_measured_quality
54,,,,125.1109420933848,2.5183175853103066,0.661875394249523,from_measured_quality
55,,,,113.88467034160861,2.5159601729034113,0.6012871137520663,from_measured_quality
56,,,,259.3019074544361,2.354809292311029,1.1894133100711415,from_measured_quality
57,,,,57.527847646254415,2.7129546256869994,0.3565041875553296,from_measured_quality
58,,,,182.5090890112342,2.0039035452970313,0.5941469328136009,from_measured_quality
59,,,,258.64462023785876,2.128042426343854,0.9567152185109689,from_measured_quality
60,,,,159.8050529250213,2.207558394872343,0.6390356199446807,from_measured_quality
61,,,,158.27262065432902,2.3096886532911176,0.6967516218914348,from_measured_quality
62,,,,163.95129380236386,2.287803812667157,0.7072954880640477,from_measured_quality
63,,,,269.8707007425983,2.002399908274132,0.8771469456464358,from_measured_quality
64,,,,217.97317530203784,1.9549027055917332,0.6732325769136255,from_measured_quality
65,,,,234.39104489974426,2.0933296041463763,0.837224793252462,from_measured_quality
66,,,,84.2827877089122,2.5011685779823285,0.43945440642365247,from_measured_quality
67,,,,180.38354665462987,2.101102172087723,0.6494089875436656,from_measured_quality
68,,,,150.60152895959342,2.350834896691612,0.688331331371877,from_measured_quality
69,,,,181.59509291793307,2.2258901247004292,0.7390446079527201,from_measured_quality
70,,,,236.86757951752853,2.085575625272708,0.8394249685438054,from_measured_quality
71,,,,53.74643427196282,2.8786731710447806,0.3777935644368206,from_measured_quality
72,,,,153.79469882474885,2.274031195297144,0.6550204929917989,from_measured_quality
73,,,,159.12553996890517,2.433706947938787,0.7828546269517184,from_measured_quality
74,,,,149.31662854372505,2.3054214145868963,0.6547473430152142,from_measured_quality
75,,,,188.3999847526957,2.194438106728384,0.7438991903625168,from_measured_quality
76,,,,81.18418255305352,2.4812508034799636,0.4161670748058829,from_measured_quality
77,,,,222.67846942721968,2.2046974801395143,0.8880061997836372,from_measured_quality
78,,,,195.485328748416,2.234737483415423,0.8023089619548147,from_measured_quality
79,,,,209.83627734804483,1.9890731418269043,0.6724106086809645,from_measured_quality
80,,,,186.9625704874534,2.1499403677605393,0.7067762278524621,from_measured_quality
81,,,,53.20580377640069,2.7856909722332577,0.34878888145460574,from_measured_quality
82,,,,213.66687764617092,2.0883950648493106,0.759381889791164,from_measured_quality
83,,,,167.75235066954212,2.22505195888692,0.6821620911821856,from_measured_quality
84,,,,165.48859059785676,2.243465054443731,0.6848456826765436,from_measured_quality
85,,,,171.18203975939957,2.2683518211435962,0.7252102955200804,from_measured_quality
86,,,,189.94644140976652,2.3537521592480815,0.8704500390052089,from_measured_quality
87,,,,123.87406737054685,2.2256965862163893,0.5040419641840601,from_measured_quality
88,,,,175.82729190698302,2.1918281570536733,0.692502326142054,from_measured_quality
89,,,,190.486968408312,2.261144766184849,0.8015565840673988,from_measured_quality
90,,,,61.062946966848855,2.7176418668475706,0.37980210744040066,from_measured_quality
91,,,,215.4332032563318,2.1022732683612704,0.7765121478086398,from_measured_quality
92,,,,221.92888572439276,2.331681710050283,0.9968553780209809,from_measured_quality
93,,,,203.07507991373691,2.024364777115879,0.6755249701569871,from_measured_quality
94,,,,263.8856485210558,2.0400097022380144,0.8922887138486303,from_measured_quality
95,,,,61.9166353043449,2.772951905202532,0.4019582505115449,from_measured_quality
96,,,,180.04222176304395,2.19304049356793,0.7099367037289538,from_measured_quality
97,,,,175.3809803867128,2.3466472675949825,0.7985557330504177,from_measured_quality
98,,,,155.94932799438283,2.14349426909514,0.5857868053504389,from_measured_quality
99,,,,236.39854946921452,1.9866854330442916,0.7555971199209113,from_measured_quality
100,,,,68.33954902305162,2.614419035698876,0.39148536857729666,from_measured_quality
101,,,,241.6142828758379,2.1289007892870364,0.8944869539695444,from_measured_quality
102,,,,186.41616817292746,2.283126964274121,0.800720770612242,from_measured_quality
103,,,,127.1513777354264,2.31345881145478,0.561692297618667,from_measured_quality
104,,,,195.3229226853904,2.0584971586883287,0.6732380836500444,from_measured_quality
105,,,,86.5879891649531,2.281302935019859,0.3712936960407743,from_measured_quality
106,,,,152.89919345768806,2.1061432952071155,0.5532713081391178,from_measured_quality
107,,,,153.05106565938402,2.109890354200786,0.5559167378476786,from_measured_quality
108,,,,134.70938286139435,2.061938048208811,0.4659664588428668,from_measured_quality
109,,,,115.7991179613611,2.3685836399986693,0.5377927283981724,from_measured_quality
110,,,,132.20935033455203,2.295365891645062,0.574372505516387,from_measured_quality
111,,,,140.44761764712894,2.135086864488711,0.5231708656620818,from_measured_quality
112,,,,190.43188138272265,2.000137857782506,0.6174661335966589,from_measured_quality
113,,,,182.29480812568158,2.1255207930514,0.6726038028487252,from_measured_quality
114,,,,57.04923158366017,2.7665925830066134,0.3685568606528888,from_measured_quality
115,,,,170.0700661973653,1.9385093394331747,0.5159626879599278,from_measured_quality
116,,,,146.72889947022634,2.25342533186482,0.6129549182877844,from_measured_quality
117,,,,160.0496896676759,2.0654676383795123,0.5556355937940328,from_measured_quality
118,,,,171.10783289031548,2.030952144729234,0.5731296358805189,from_measured_quality
119,,,,83.72272020399059,2.2691086348269716,0.3549416399825746,from_measured_quality
120,,,,157.35161057224533,2.0158027203957207,0.5187336041444395,from_measured_quality
121,,,,113.84603513778073,2.2639710794623586,0.48032993372623306,from_measured_quality
122,,,,117.74984725456156,2.229020123996989,0.4806442078510599,from_measured_quality
123,,,,181.73826448334094,2.096822648182401,0.6514575470723761,from_measured_quality
124,,,,107.51090740179129,2.1457970922969247,0.4047618265212641,from_measured_quality
125,,,,149.9612214636818,2.0850203609451663,0.5311405887685158,from_measured_quality
126,,,,185.48826164221936,2.150818092459906,0.7018113484459102,from_measured_quality
127,,,,172.04503264236627,2.0295289744942506,0.5754110397753537,from_measured_quality
128,,,,193.28728925732966,1.9955586098760367,0.623679493503991,from_measured_quality
129,,,,106.62973873730316,2.165370530959293,0.40926579579864997,from_measured_quality
130,,,,147.44327918396723,2.037723196905027,0.49737006358199276,from_measured_quality
131,,,,153.02112463314862,2.1557733255121154,0.5818072076919899,from_measured_quality
132,,,,113.16841531323169,2.191831343786342,0.44571938820290635,from_measured_quality
133,,,,191.26351459254667,2.074231827677899,0.6700003271566455,from_measured_quality
134,,,,143.73984234596224,2.2942605866725074,0.6238269448452051,from_measured_quality
135,,,,111.42590094827821,2.1595365715741957,0.4252295964600386,from_measured_quality
136,,,,168.29724649165215,2.06765752436007,0.5855853213523547,from_measured_quality
137,,,,161.08360512468292,2.0792676696898207,0.5671945846190038,from_measured_quality
138,,,,130.29230472442003,2.019706716710248,0.431298112739145,from_measured_quality
139,,,,144.4617522015481,2.172740348661565,0.5584903185286355,from_measured_quality
140,,,,119.04458916084235,2.2372044000025286,0.4897284466740413,from_measured_quality
141,,,,150.33633080896732,2.0217543744885056,0.49872129367397766,from_measured_quality
142,,,,148.01110757218646,2.1904532733451827,0.5821704764899082,from_measured_quality
143,,,,97.58267164536045,2.2011378761108285,0.3878102086812904,from_measured_quality
144,,,,182.83363520241295,2.011440839740031,0.5999708670685546,from_measured_quality
145,,,,129.30124380141186,2.1948097154761146,0.5107309691464768,from_measured_quality
146,,,,152.00261303995433,2.0667801708966977,0.5284118461064585,from_measured_quality
147,,,,180.91914090836704,1.893002594993149,0.5218575485554579,from_measured_quality
148,,,,68.34893745502337,2.4995912211433393,0.35589714647198345,from_measured_quality
149,,,,195.63894966150622,2.078747470326822,0.6885018949596896,from_measured_quality
150,,,,178.0570140690509,2.128680415210997,0.6590448283780065,from_measured_quality
151,,,,142.53979028623965,2.1003906468209954,0.5127963313787423,from_measured_quality
152,,,,154.24549730889746,2.0255716229173757,0.5137446202635164,from_measured_quality
